13.07.2019 19:00;17,5;Ветер, дующий с юга;5;Морось.
13.07.2019 16:00;20,4;Ветер, дующий с севера;6;
13.07.2019 13:00;20,7;Ветер, дующий с севера;6;
13.07.2019 10:00;19,3;Ветер, дующий с севера;4;
13.07.2019 7:00;17,1;Ветер, дующий с севера;5;
13.07.2019 4:00;17;Ветер, дующий с севера;4;
13.07.2019 1:00;17,8;Ветер, дующий с северо-северо-запада;2;
12.07.2019 22:00;18,4;Ветер, дующий с западо-юго-запада;3;
12.07.2019 19:00;19;Ветер, дующий с юго-запада;2;
12.07.2019 16:00;19,2;Ветер, дующий с северо-северо-запада;2;Дождь.
12.07.2019 13:00;18;Ветер, дующий с западо-северо-запада;2;Дождь.
12.07.2019 10:00;15,7;Ветер, дующий с северо-запада;2;Дождь.
12.07.2019 7:00;14,6;Ветер, дующий с северо-запада;2;Дождь.
12.07.2019 4:00;14,4;Ветер, дующий с северо-запада;2;Дождь.
12.07.2019 1:00;14,2;Ветер, дующий с севера;2;Дождь.
11.07.2019 22:00;14;Ветер, дующий с юга;3;
11.07.2019 19:00;14,3;Ветер, дующий с юго-запада;4;
11.07.2019 16:00;15,1;Ветер, дующий с юго-юго-востока;4;
11.07.2019 13:00;15,1;Ветер, дующий с юга;5;
11.07.2019 10:00;13,5;Ветер, дующий с юго-юго-востока;5;
11.07.2019 7:00;12,7;Ветер, дующий с юго-юго-востока;4;
11.07.2019 4:00;12,8;Ветер, дующий с юга;4;Туман или ледяной туман или сильная мгла.
11.07.2019 1:00;12,4;Ветер, дующий с юго-юго-востока;6;Туман или ледяной туман или сильная мгла.
10.07.2019 22:00;12,4;Ветер, дующий с юго-юго-востока;6;
10.07.2019 19:00;14,7;Ветер, дующий с юга;8;
10.07.2019 16:00;17,1;Ветер, дующий с юга;6;Морось.
10.07.2019 13:00;14,4;Ветер, дующий с юго-юго-востока;5;Морось.
10.07.2019 10:00;12,9;Ветер, дующий с юго-юго-востока;6;Дождь.
10.07.2019 7:00;13,2;Ветер, дующий с юга;3;Дождь.
10.07.2019 4:00;13,3;Ветер, дующий с юга;7;Морось.
10.07.2019 1:00;14,7;Ветер, дующий с юга;5;Морось.
09.07.2019 22:00;14,8;Ветер, дующий с юга;6;Морось.
09.07.2019 19:00;16,6;Ветер, дующий с юга;6;
09.07.2019 16:00;16;Ветер, дующий с юга;8;Туман или ледяной туман или сильная мгла.
09.07.2019 13:00;13,8;Ветер, дующий с юго-юго-востока;7;Туман или ледяной туман или сильная мгла.
09.07.2019 10:00;14,4;Ветер, дующий с юго-юго-востока;4;Морось.
09.07.2019 7:00;13,4;Ветер, дующий с юго-юго-востока;4;Морось.
09.07.2019 4:00;13,4;Ветер, дующий с юго-востока;4;Морось.
09.07.2019 1:00;13,8;Ветер, дующий с юго-востока;5;Туман или ледяной туман или сильная мгла.
08.07.2019 22:00;15,3;Ветер, дующий с юга;5;Ливень (ливни).
08.07.2019 19:00;17,6;Ветер, дующий с юго-юго-востока;5;Ливень (ливни).
08.07.2019 16:00;21,5;Ветер, дующий с юга;5;
08.07.2019 13:00;22,1;Ветер, дующий с юга;4;
08.07.2019 10:00;18,1;Ветер, дующий с юго-юго-запада;2;Туман или ледяной туман или сильная мгла.
08.07.2019 7:00;15,1;Ветер, дующий с юго-юго-запада;1;Туман или ледяной туман или сильная мгла.
08.07.2019 4:00;15,4;Ветер, дующий с востоко-юго-востока;2;
08.07.2019 1:00;13,8;Ветер, дующий с юга;2;
07.07.2019 22:00;14,2;Ветер, дующий с юго-юго-востока;4;
07.07.2019 19:00;16,2;Ветер, дующий с юго-юго-востока;5;
07.07.2019 16:00;21,4;Ветер, дующий с юга;4;
07.07.2019 13:00;19,8;Ветер, дующий с юго-запада;2;
07.07.2019 10:00;14,5;Ветер, дующий с юго-запада;2;Морось.
07.07.2019 7:00;11,5;Штиль, безветрие;0;Морось.
07.07.2019 4:00;11,3;Ветер, дующий с юго-востока;3;Туман или ледяной туман или сильная мгла.
07.07.2019 1:00;11,6;Ветер, дующий с юго-юго-востока;5;Туман или ледяной туман или сильная мгла.
06.07.2019 22:00;12,9;Ветер, дующий с юга;5;
06.07.2019 19:00;13,1;Ветер, дующий с юга;7;
06.07.2019 16:00;14;Ветер, дующий с юга;4;Морось.
06.07.2019 13:00;12,9;Ветер, дующий с юга;4;Морось.
06.07.2019 10:00;12,7;Ветер, дующий с юго-юго-востока;6;
06.07.2019 7:00;12,8;Ветер, дующий с юго-юго-востока;6;
06.07.2019 4:00;13;Ветер, дующий с юго-юго-востока;5;
06.07.2019 1:00;12,6;Ветер, дующий с юго-юго-востока;5;
05.07.2019 22:00;13,1;Ветер, дующий с юга;4;
05.07.2019 19:00;13,8;Ветер, дующий с юго-юго-востока;7;
05.07.2019 16:00;14,5;Ветер, дующий с юго-юго-востока;10;Морось.
05.07.2019 13:00;16,4;Ветер, дующий с юго-юго-востока;6;Морось.
05.07.2019 10:00;13,8;Ветер, дующий с юго-юго-востока;4;Морось.
05.07.2019 7:00;13,2;Ветер, дующий с юго-юго-востока;4;Морось.
05.07.2019 4:00;14,1;Ветер, дующий с юга;4;Морось.
05.07.2019 1:00;14,2;Ветер, дующий с юго-востока;4;Туман или ледяной туман или сильная мгла.
04.07.2019 22:00;13,7;Ветер, дующий с юго-востока;8;Дождь.
04.07.2019 19:00;13,9;Ветер, дующий с юго-юго-востока;6;Дождь.
04.07.2019 16:00;14,9;Ветер, дующий с юго-юго-востока;6;Дождь.
04.07.2019 13:00;15;Ветер, дующий с юго-юго-востока;6;Дождь.
04.07.2019 10:00;14,3;Ветер, дующий с юга;5;Дождь.
04.07.2019 7:00;14,1;Ветер, дующий с юго-юго-востока;7;Дождь.
04.07.2019 4:00;13,9;Ветер, дующий с юго-востока;8;Дождь.
04.07.2019 1:00;13,5;Ветер, дующий с юга;5;Морось.
03.07.2019 22:00;14;Ветер, дующий с юго-юго-востока;11;Морось.
03.07.2019 19:00;14,2;Ветер, дующий с юго-юго-востока;10;Туман или ледяной туман или сильная мгла.
03.07.2019 16:00;14,6;Ветер, дующий с юго-юго-востока;7;Морось.
03.07.2019 13:00;14,8;Ветер, дующий с юго-юго-востока;7;Морось.
03.07.2019 10:00;13,7;Ветер, дующий с юго-юго-востока;10;Дождь.
03.07.2019 7:00;13,5;Ветер, дующий с юго-юго-востока;11;Дождь.
03.07.2019 4:00;13,5;Ветер, дующий с юго-востока;7;Туман или ледяной туман или сильная мгла.
03.07.2019 1:00;13,5;Ветер, дующий с юго-востока;8;Туман или ледяной туман или сильная мгла.
02.07.2019 22:00;13,2;Ветер, дующий с юго-юго-востока;7;Дождь.
02.07.2019 19:00;12,9;Ветер, дующий с юго-востока;6;Дождь.
02.07.2019 16:00;12,8;Ветер, дующий с юго-юго-востока;6;Морось.
02.07.2019 13:00;12,5;Ветер, дующий с юго-юго-востока;8;Морось.
02.07.2019 10:00;11,9;Ветер, дующий с юго-юго-востока;7;Дождь.
02.07.2019 7:00;11,5;Ветер, дующий с юго-юго-востока;8;Дождь.
02.07.2019 4:00;11,2;Ветер, дующий с юго-востока;8;Туман или ледяной туман или сильная мгла.
02.07.2019 1:00;11,4;Ветер, дующий с юго-юго-востока;8;
01.07.2019 22:00;11,3;Ветер, дующий с юго-юго-востока;8;Морось.
01.07.2019 19:00;11,8;Ветер, дующий с юго-юго-востока;8;Туман или ледяной туман или сильная мгла.
01.07.2019 16:00;13,7;Ветер, дующий с юга;7;
01.07.2019 13:00;16,3;Ветер, дующий с юго-юго-запада;6;
01.07.2019 10:00;13,4;Ветер, дующий с юга;5;Морось.
01.07.2019 7:00;13,1;Ветер, дующий с юго-юго-запада;4;Морось.
01.07.2019 4:00;13;Ветер, дующий с юго-юго-запада;4;Морось.
01.07.2019 1:00;13,4;Ветер, дующий с юго-юго-запада;3;
30.06.2019 22:00;13,5;Ветер, дующий с юго-запада;2;Морось.
30.06.2019 19:00;14,1;Ветер, дующий с запада;1;Дождь.
30.06.2019 16:00;13,1;Ветер, дующий с северо-северо-запада;3;Дождь.
30.06.2019 13:00;12,1;Ветер, дующий с северо-северо-запада;3;Дождь.
30.06.2019 10:00;11,3;Ветер, дующий с северо-запада;3;Дождь.
30.06.2019 7:00;11,1;Ветер, дующий с северо-северо-запада;2;Дождь.
30.06.2019 4:00;11;Ветер, дующий с севера;1;Дождь.
30.06.2019 1:00;11,4;Ветер, дующий с юго-юго-востока;6;Морось.
29.06.2019 22:00;10,1;Ветер, дующий с юго-юго-востока;10;Морось.
29.06.2019 19:00;10,9;Ветер, дующий с юго-юго-востока;7;
29.06.2019 16:00;11,9;Ветер, дующий с юга;5;Дождь.
29.06.2019 13:00;10,1;Ветер, дующий с юго-юго-востока;11;Дождь.
29.06.2019 10:00;9,8;Ветер, дующий с юго-востока;12;Дождь.
29.06.2019 7:00;9,6;Ветер, дующий с юго-юго-востока;12;Дождь.
29.06.2019 4:00;10,4;Ветер, дующий с юго-юго-востока;12;Дождь.
29.06.2019 1:00;10,5;Ветер, дующий с юго-юго-востока;11;Дождь.
28.06.2019 22:00;10,8;Ветер, дующий с юго-юго-востока;9;
28.06.2019 19:00;10,9;Ветер, дующий с юго-юго-востока;11;
28.06.2019 16:00;11,1;Ветер, дующий с юго-юго-востока;10;
28.06.2019 13:00;11,3;Ветер, дующий с юго-юго-востока;11;
28.06.2019 10:00;10,7;Ветер, дующий с юга;10;
28.06.2019 7:00;10,3;Ветер, дующий с юго-юго-востока;10;
28.06.2019 4:00;10,1;Ветер, дующий с юга;8;
28.06.2019 1:00;10,1;Ветер, дующий с юга;8;
27.06.2019 22:00;10,2;Ветер, дующий с юго-юго-востока;9;Морось.
27.06.2019 19:00;10,6;Ветер, дующий с юго-юго-востока;7;Морось.
27.06.2019 16:00;11,1;Ветер, дующий с юго-юго-востока;10;Морось.
27.06.2019 13:00;12,1;Ветер, дующий с юго-юго-востока;8;Морось.
27.06.2019 10:00;14;Ветер, дующий с юго-юго-востока;6;Морось.
27.06.2019 7:00;15,8;Ветер, дующий с юго-юго-востока;6;Морось.
27.06.2019 4:00;15,6;Ветер, дующий с юго-юго-востока;5;Морось.
27.06.2019 1:00;15;Ветер, дующий с юго-юго-востока;7;Морось.
26.06.2019 22:00;16,2;Ветер, дующий с юго-юго-востока;6;Морось.
26.06.2019 19:00;15,9;Ветер, дующий с юго-юго-востока;8;Морось.
26.06.2019 16:00;16;Ветер, дующий с юго-юго-востока;8;Морось.
26.06.2019 13:00;15,7;Ветер, дующий с юго-юго-востока;6;Морось.
26.06.2019 10:00;15,3;Ветер, дующий с юго-юго-востока;8;Морось.
26.06.2019 7:00;14,9;Ветер, дующий с юго-юго-востока;7;Туман или ледяной туман или сильная мгла.
26.06.2019 4:00;14,8;Ветер, дующий с юго-юго-востока;6;Туман или ледяной туман или сильная мгла.
26.06.2019 1:00;14,6;Ветер, дующий с юга;8;Туман или ледяной туман или сильная мгла.
25.06.2019 22:00;14;Ветер, дующий с юга;8;Морось.
25.06.2019 19:00;15;Ветер, дующий с юга;7;Морось.
25.06.2019 16:00;15,5;Ветер, дующий с юга;9;
25.06.2019 13:00;16,3;Ветер, дующий с юга;8;
25.06.2019 10:00;14,9;Ветер, дующий с юга;6;Морось.
25.06.2019 7:00;14,4;Ветер, дующий с юго-юго-востока;6;Туман или ледяной туман или сильная мгла.
25.06.2019 4:00;14,4;Ветер, дующий с юго-юго-востока;5;Туман или ледяной туман или сильная мгла.
25.06.2019 1:00;14,6;Ветер, дующий с юга;5;
24.06.2019 22:00;15,1;Ветер, дующий с юга;4;
24.06.2019 19:00;16,3;Ветер, дующий с юга;4;
24.06.2019 16:00;18,1;Ветер, дующий с юго-юго-запада;4;Туман или ледяной туман или сильная мгла.
24.06.2019 13:00;16,7;Ветер, дующий с юго-юго-востока;5;Туман или ледяной туман или сильная мгла.
24.06.2019 10:00;15,2;Ветер, дующий с юго-юго-востока;2;Туман или ледяной туман или сильная мгла.
24.06.2019 7:00;13,9;Ветер, дующий с юго-востока;2;Туман или ледяной туман или сильная мгла.
24.06.2019 4:00;13,5;Ветер, дующий с юго-юго-востока;3;Туман или ледяной туман или сильная мгла.
24.06.2019 1:00;13;Ветер, дующий с юго-юго-востока;5;Туман или ледяной туман или сильная мгла.
23.06.2019 22:00;13,5;Ветер, дующий с юго-востока;7;Туман или ледяной туман или сильная мгла.
23.06.2019 19:00;17,5;Ветер, дующий с юго-востока;3;
23.06.2019 16:00;23,1;Ветер, дующий с северо-северо-запада;3;
23.06.2019 13:00;19,2;Ветер, дующий с северо-северо-запада;5;
23.06.2019 10:00;14,2;Ветер, дующий с севера;4;Дождь.
23.06.2019 7:00;13,6;Штиль, безветрие;0;
23.06.2019 4:00;12,9;Ветер, дующий с северо-северо-запада;2;
23.06.2019 1:00;12,6;Ветер, дующий с запада;1;
22.06.2019 22:00;12,3;Ветер, дующий с юго-юго-запада;5;Туман или ледяной туман или сильная мгла.
22.06.2019 19:00;12;Ветер, дующий с юго-юго-востока;9;Туман или ледяной туман или сильная мгла.
22.06.2019 16:00;22,7;Ветер, дующий с севера;5;
22.06.2019 13:00;18,9;Ветер, дующий с севера;4;
22.06.2019 10:00;13,8;Ветер, дующий с севера;1;Туман или ледяной туман или сильная мгла.
22.06.2019 7:00;11,3;Ветер, дующий с северо-северо-запада;2;Туман или ледяной туман или сильная мгла.
22.06.2019 4:00;10,6;Ветер, дующий с юго-юго-востока;5;Туман или ледяной туман или сильная мгла.
22.06.2019 1:00;11,5;Ветер, дующий с юго-востока;5;
21.06.2019 22:00;17,5;Ветер, дующий с севера;4;
21.06.2019 19:00;19,5;Ветер, дующий с севера;5;
21.06.2019 16:00;17,6;Ветер, дующий с севера;7;Морось.
21.06.2019 13:00;14,7;Ветер, дующий с северо-северо-запада;4;Морось.
21.06.2019 10:00;12,4;Ветер, дующий с северо-северо-запада;2;Морось.
21.06.2019 7:00;11,4;Ветер, дующий с юго-запада;1;
21.06.2019 4:00;10,7;Ветер, дующий с западо-северо-запада;3;Туман или ледяной туман или сильная мгла.
21.06.2019 1:00;11,3;Ветер, дующий с западо-юго-запада;1;Туман или ледяной туман или сильная мгла.
20.06.2019 22:00;11,4;Ветер, дующий с востоко-юго-востока;2;Дождь.
20.06.2019 19:00;11,5;Ветер, дующий с юго-юго-востока;9;Дождь.
20.06.2019 16:00;12,4;Ветер, дующий с юго-юго-востока;11;Дождь.
20.06.2019 13:00;12,7;Ветер, дующий с юго-юго-востока;10;Морось.
20.06.2019 10:00;12,4;Ветер, дующий с юго-юго-востока;9;Морось.
20.06.2019 7:00;12,5;Ветер, дующий с юго-юго-востока;9;Морось.
20.06.2019 4:00;12,7;Ветер, дующий с юго-юго-востока;8;Дождь.
20.06.2019 1:00;13,2;Ветер, дующий с юго-юго-востока;7;Дождь.
19.06.2019 22:00;13,4;Ветер, дующий с юга;6;
19.06.2019 19:00;17,8;Ветер, дующий с юга;4;
19.06.2019 16:00;20,8;Ветер, дующий с юго-юго-запада;3;
19.06.2019 13:00;18,2;Ветер, дующий с юго-юго-запада;3;
19.06.2019 10:00;15;Ветер, дующий с юго-запада;1;Морось.
19.06.2019 7:00;13,5;Ветер, дующий с юго-юго-востока;1;Морось.
19.06.2019 4:00;13,1;Ветер, дующий с юга;2;Морось.
19.06.2019 1:00;12,7;Ветер, дующий с юга;1;Туман или ледяной туман или сильная мгла.
18.06.2019 22:00;13,3;Ветер, дующий с юго-юго-востока;6;Дождь.
18.06.2019 19:00;13,3;Ветер, дующий с юго-юго-востока;6;Дождь.
18.06.2019 16:00;13,5;Ветер, дующий с юго-юго-востока;7;Морось.
18.06.2019 13:00;14;Ветер, дующий с юго-юго-востока;8;Морось.
18.06.2019 10:00;13,9;Ветер, дующий с юго-юго-востока;8;Морось.
18.06.2019 7:00;13,5;Ветер, дующий с юго-юго-востока;6;Морось.
18.06.2019 4:00;13,2;Ветер, дующий с юго-юго-востока;5;Туман или ледяной туман или сильная мгла.
18.06.2019 1:00;15,2;Ветер, дующий с юго-юго-востока;4;
17.06.2019 22:00;15,7;Ветер, дующий с юго-запада;3;
17.06.2019 19:00;17,8;Ветер, дующий с юго-юго-запада;6;
17.06.2019 16:00;18,8;Ветер, дующий с юго-запада;3;
17.06.2019 13:00;18,3;Ветер, дующий с юго-запада;2;
17.06.2019 10:00;14,8;Ветер, дующий с юго-юго-запада;1;Туман или ледяной туман или сильная мгла.
17.06.2019 7:00;10;Ветер, дующий с юго-востока;3;Туман или ледяной туман или сильная мгла.
17.06.2019 4:00;10;Ветер, дующий с востока;1;
17.06.2019 1:00;13,2;Ветер, дующий с западо-юго-запада;2;
16.06.2019 22:00;14,3;Ветер, дующий с севера;2;
16.06.2019 19:00;15,8;Ветер, дующий с севера;5;
16.06.2019 16:00;12,7;Ветер, дующий с севера;11;
16.06.2019 13:00;11,5;Ветер, дующий с севера;12;
16.06.2019 10:00;10,6;Ветер, дующий с севера;12;Морось.
16.06.2019 7:00;11,6;Ветер, дующий с севера;8;Морось.
16.06.2019 4:00;12,4;Ветер, дующий с севера;7;Дождь.
16.06.2019 1:00;12,1;Ветер, дующий с севера;7;Дождь.
15.06.2019 22:00;11,1;Ветер, дующий с севера;8;Дождь.
15.06.2019 19:00;10,9;Ветер, дующий с севера;9;Дождь.
15.06.2019 16:00;10,7;Ветер, дующий с севера;7;Дождь.
15.06.2019 13:00;10,7;Ветер, дующий с севера;9;Дождь.
15.06.2019 10:00;12,4;Ветер, дующий с севера;5;Дождь.
15.06.2019 7:00;14,4;Ветер, дующий с юго-востока;2;Морось.
15.06.2019 4:00;14,3;Ветер, дующий с востоко-северо-востока;1;Дождь.
15.06.2019 1:00;14,4;Ветер, дующий с юго-востока;2;Дождь.
14.06.2019 22:00;13,6;Ветер, дующий с юго-востока;3;Дождь.
14.06.2019 19:00;14,3;Ветер, дующий с юго-юго-востока;3;Туман или ледяной туман или сильная мгла.
14.06.2019 16:00;14,2;Ветер, дующий с юго-юго-востока;5;Дождь.
14.06.2019 13:00;13,7;Ветер, дующий с юго-востока;4;Дождь.
14.06.2019 10:00;13,3;Ветер, дующий с юго-юго-востока;5;Дождь.
14.06.2019 7:00;13;Ветер, дующий с юго-юго-востока;8;Дождь.
14.06.2019 4:00;12,6;Ветер, дующий с юго-востока;9;Морось.
14.06.2019 1:00;12,6;Ветер, дующий с юго-юго-востока;10;Морось.
13.06.2019 22:00;12,2;Ветер, дующий с юга;8;Морось.
13.06.2019 19:00;12,1;Ветер, дующий с юга;10;Морось.
13.06.2019 16:00;12,1;Ветер, дующий с юго-юго-востока;11;Морось.
13.06.2019 13:00;12,1;Ветер, дующий с юго-юго-востока;11;Морось.
13.06.2019 10:00;12;Ветер, дующий с юго-юго-востока;10;Морось.
13.06.2019 7:00;11,6;Ветер, дующий с юго-юго-востока;9;Морось.
13.06.2019 4:00;11,4;Ветер, дующий с юга;7;Дождь.
13.06.2019 1:00;11,2;Ветер, дующий с юга;5;Дождь.
12.06.2019 22:00;11,1;Ветер, дующий с юга;7;Дождь.
12.06.2019 19:00;11,5;Ветер, дующий с юга;6;
12.06.2019 16:00;12,3;Ветер, дующий с юго-юго-востока;7;Морось.
12.06.2019 13:00;10,8;Ветер, дующий с юго-юго-востока;7;Морось.
12.06.2019 10:00;9,3;Ветер, дующий с юга;7;Морось.
12.06.2019 7:00;9;Ветер, дующий с юга;6;Морось.
12.06.2019 4:00;9,2;Ветер, дующий с юга;7;Туман или ледяной туман или сильная мгла.
12.06.2019 1:00;9,2;Ветер, дующий с юга;5;Туман или ледяной туман или сильная мгла.
11.06.2019 22:00;9,2;Ветер, дующий с юго-юго-востока;7;Туман или ледяной туман или сильная мгла.
11.06.2019 19:00;10,5;Ветер, дующий с юга;5;
11.06.2019 16:00;13;Ветер, дующий с юго-юго-востока;7;
11.06.2019 13:00;11;Ветер, дующий с юга;6;
11.06.2019 10:00;11,2;Ветер, дующий с юга;3;
11.06.2019 7:00;9,5;Ветер, дующий с юга;4;
11.06.2019 4:00;9,7;Ветер, дующий с юга;4;
11.06.2019 1:00;10,2;Ветер, дующий с юго-юго-запада;5;
10.06.2019 22:00;10,2;Ветер, дующий с юга;8;
10.06.2019 19:00;14,2;Ветер, дующий с юга;5;
10.06.2019 16:00;12,8;Ветер, дующий с юго-запада;3;Морось.
10.06.2019 13:00;11,6;Ветер, дующий с юго-юго-запада;3;Морось.
10.06.2019 10:00;10,1;Ветер, дующий с юго-запада;5;Морось.
10.06.2019 7:00;9,2;Ветер, дующий с юго-запада;4;Морось.
10.06.2019 4:00;9,2;Ветер, дующий с юга;6;
10.06.2019 1:00;9,7;Ветер, дующий с юга;7;
09.06.2019 22:00;10,3;Ветер, дующий с юга;6;Дождь.
09.06.2019 19:00;10,7;Ветер, дующий с юга;5;Дождь.
09.06.2019 16:00;11,4;Ветер, дующий с юго-юго-востока;4;Дождь.
09.06.2019 13:00;11,3;Ветер, дующий с юго-юго-востока;4;Морось.
09.06.2019 10:00;11,1;Ветер, дующий с юго-юго-востока;6;Морось.
09.06.2019 7:00;10,7;Ветер, дующий с юга;5;Морось.
09.06.2019 4:00;10,4;Ветер, дующий с юга;4;
09.06.2019 1:00;10,8;Ветер, дующий с юго-юго-востока;5;
08.06.2019 22:00;11;Ветер, дующий с юга;5;Морось.
08.06.2019 19:00;11,2;Ветер, дующий с юга;6;
08.06.2019 16:00;15,8;Ветер, дующий с юга;5;
08.06.2019 13:00;14,7;Ветер, дующий с юга;4;
08.06.2019 10:00;12,9;Ветер, дующий с юго-юго-запада;3;
08.06.2019 7:00;10,9;Ветер, дующий с юго-юго-запада;2;
08.06.2019 4:00;10,1;Ветер, дующий с юга;2;Морось.
08.06.2019 1:00;10,7;Ветер, дующий с юга;4;Морось.
07.06.2019 22:00;10,3;Ветер, дующий с юго-юго-востока;7;Морось.
07.06.2019 19:00;11;Ветер, дующий с юга;8;
07.06.2019 16:00;12,2;Ветер, дующий с юга;7;
07.06.2019 13:00;17,6;Ветер, дующий с северо-северо-запада;2;Облака покрывали более половины неба в течение всего соответствующего периода.
07.06.2019 10:00;13,7;Ветер, дующий с северо-северо-запада;2;Туман или ледяной туман или сильная мгла.
07.06.2019 7:00;12,5;Ветер, дующий с севера;2;Туман или ледяной туман или сильная мгла.
07.06.2019 4:00;12,5;Штиль, безветрие;0;Морось.
07.06.2019 1:00;12,6;Ветер, дующий с юго-востока;2;Морось.
06.06.2019 22:00;12,6;Ветер, дующий с юго-юго-востока;5;Морось.
06.06.2019 19:00;12,4;Ветер, дующий с юго-юго-востока;6;Морось.
06.06.2019 16:00;12,2;Ветер, дующий с юго-юго-востока;7;Морось.
06.06.2019 13:00;11,9;Ветер, дующий с юго-юго-востока;10;Морось.
06.06.2019 10:00;11,4;Ветер, дующий с юго-юго-востока;8;Морось.
06.06.2019 7:00;11,1;Ветер, дующий с юга;8;Туман или ледяной туман или сильная мгла.
06.06.2019 4:00;11,2;Ветер, дующий с юго-юго-востока;6;Дождь.
06.06.2019 1:00;10,8;Ветер, дующий с юга;4;Дождь.
05.06.2019 22:00;10,8;Ветер, дующий с юго-юго-востока;7;Туман или ледяной туман или сильная мгла.
05.06.2019 19:00;13,4;Ветер, дующий с юга;6;
05.06.2019 16:00;17,3;Ветер, дующий с юга;5;
05.06.2019 13:00;14,9;Ветер, дующий с юго-юго-запада;3;
05.06.2019 10:00;13,5;Ветер, дующий с юга;2;
05.06.2019 7:00;10,8;Ветер, дующий с юго-юго-запада;3;
05.06.2019 4:00;10,8;Ветер, дующий с юго-юго-запада;4;
05.06.2019 1:00;11,1;Ветер, дующий с юго-запада;3;
04.06.2019 22:00;11,5;Ветер, дующий с северо-запада;2;Дождь.
04.06.2019 19:00;11,6;Ветер, дующий с юго-юго-востока;4;Дождь.
04.06.2019 16:00;12,4;Ветер, дующий с юго-юго-востока;3;Дождь.
04.06.2019 13:00;14,3;Ветер, дующий с юго-юго-востока;8;Дождь.
04.06.2019 10:00;16,2;Ветер, дующий с севера;2;Дождь.
04.06.2019 7:00;15,1;Ветер, дующий с севера;4;Дождь.
04.06.2019 4:00;15,3;Ветер, дующий с севера;2;Дождь.
04.06.2019 1:00;15,8;Ветер, дующий с западо-юго-запада;2;Дождь.
03.06.2019 22:00;16,5;Ветер, дующий с севера;3;Дождь.
03.06.2019 19:00;18,4;Ветер, дующий с севера;5;Дождь.
03.06.2019 16:00;15,3;Ветер, дующий с севера;3;Морось.
03.06.2019 13:00;13;Ветер, дующий с юго-юго-востока;4;Морось.
03.06.2019 10:00;12,1;Ветер, дующий с юго-юго-востока;6;Морось.
03.06.2019 7:00;11,2;Ветер, дующий с юго-юго-востока;8;Морось.
03.06.2019 4:00;11,3;Ветер, дующий с юго-юго-востока;8;Туман или ледяной туман или сильная мгла.
03.06.2019 1:00;11,4;Ветер, дующий с юго-юго-востока;7;Туман или ледяной туман или сильная мгла.
02.06.2019 22:00;11,6;Ветер, дующий с юго-юго-востока;8;Туман или ледяной туман или сильная мгла.
02.06.2019 19:00;12,8;Ветер, дующий с юго-юго-востока;9;
02.06.2019 16:00;15,9;Ветер, дующий с юго-юго-востока;9;
02.06.2019 13:00;15,4;Ветер, дующий с юго-юго-востока;9;
02.06.2019 10:00;15,7;Ветер, дующий с юго-юго-востока;9;
02.06.2019 7:00;12;Ветер, дующий с юго-востока;8;
02.06.2019 4:00;11,3;Ветер, дующий с юго-юго-востока;7;
02.06.2019 1:00;11,7;Ветер, дующий с юго-востока;6;
01.06.2019 22:00;15;Ветер, дующий с юга;6;Ливень (ливни).
01.06.2019 19:00;17,1;Ветер, дующий с юга;6;Ливень (ливни).
01.06.2019 16:00;16,7;Ветер, дующий с юго-юго-запада;2;Ливень (ливни).
01.06.2019 13:00;16,4;Ветер, дующий с юго-юго-запада;2;Ливень (ливни).
01.06.2019 10:00;13,5;Ветер, дующий с юга;3;
01.06.2019 7:00;12;Ветер, дующий с юга;1;
01.06.2019 4:00;12,3;Ветер, дующий с юго-юго-востока;3;Ливень (ливни).
01.06.2019 1:00;13,4;Ветер, дующий с юго-запада;1;Ливень (ливни).
31.05.2019 22:00;14,2;Ветер, дующий с западо-северо-запада;5;Ливень (ливни).
31.05.2019 19:00;14,7;Ветер, дующий с юго-запада;5;Ливень (ливни).
31.05.2019 16:00;15,8;Ветер, дующий с юга;6;Гроза (грозы) с осадками или без них.
31.05.2019 13:00;14,4;Ветер, дующий с западо-юго-запада;5;Дождь.
31.05.2019 10:00;14,1;Ветер, дующий с юго-юго-запада;5;
31.05.2019 7:00;11,6;Ветер, дующий с юга;4;
31.05.2019 4:00;11,8;Ветер, дующий с юго-востока;4;Дождь.
31.05.2019 1:00;11,6;Ветер, дующий с востоко-юго-востока;4;Дождь.
30.05.2019 22:00;12,4;Ветер, дующий с юго-востока;8;
30.05.2019 19:00;12,9;Ветер, дующий с юго-юго-востока;9;
30.05.2019 16:00;17,1;Ветер, дующий с юга;7;Дождь.
30.05.2019 13:00;17,5;Ветер, дующий с юга;9;Дождь.
30.05.2019 10:00;14,3;Ветер, дующий с юга;6;Дождь.
30.05.2019 7:00;14,1;Ветер, дующий с юга;5;
30.05.2019 4:00;12,8;Ветер, дующий с юго-запада;4;
30.05.2019 1:00;13;Ветер, дующий с юго-юго-запада;3;
29.05.2019 22:00;13,8;Ветер, дующий с юго-запада;3;
29.05.2019 19:00;16;Ветер, дующий с юго-юго-востока;3;
29.05.2019 16:00;15,9;Ветер, дующий с востока;2;Дождь.
29.05.2019 13:00;14,8;Ветер, дующий с юго-запада;4;Дождь.
29.05.2019 10:00;12,5;Ветер, дующий с юго-запада;6;Дождь.
29.05.2019 7:00;10,5;Ветер, дующий с западо-юго-запада;4;Дождь.
29.05.2019 4:00;10,6;Ветер, дующий с западо-юго-запада;6;
29.05.2019 1:00;10;Ветер, дующий с юго-юго-запада;5;
28.05.2019 22:00;11,9;Ветер, дующий с западо-юго-запада;7;Ливень (ливни).
28.05.2019 19:00;13,9;Ветер, дующий с юго-юго-запада;7;Ливень (ливни).
28.05.2019 16:00;16,8;Ветер, дующий с западо-северо-запада;7;Ливень (ливни).
28.05.2019 13:00;18,4;Ветер, дующий с запада;7;
28.05.2019 10:00;14,7;Ветер, дующий с запада;9;Дождь.
28.05.2019 7:00;10,6;Ветер, дующий с северо-запада;7;Дождь.
28.05.2019 4:00;10,3;Ветер, дующий с северо-запада;11;Дождь.
28.05.2019 1:00;11,4;Ветер, дующий с севера;12;Дождь.
27.05.2019 22:00;11,8;Ветер, дующий с юго-юго-востока;17;Дождь.
27.05.2019 19:00;12,5;Ветер, дующий с юго-юго-востока;21;Дождь.
27.05.2019 16:00;11,2;Ветер, дующий с юго-юго-востока;15;Дождь.
27.05.2019 13:00;16,1;Ветер, дующий с юго-юго-востока;11;
27.05.2019 10:00;16,6;Ветер, дующий с юго-юго-востока;12;
27.05.2019 7:00;13,3;Ветер, дующий с юго-юго-востока;9;
27.05.2019 4:00;14,4;Ветер, дующий с юго-юго-востока;9;
27.05.2019 1:00;15,6;Ветер, дующий с юго-юго-востока;10;
26.05.2019 22:00;14,4;Ветер, дующий с юго-юго-востока;10;
26.05.2019 19:00;16,1;Ветер, дующий с юго-востока;6;
26.05.2019 16:00;23,3;Ветер, дующий с юго-юго-востока;6;
26.05.2019 13:00;27,6;Ветер, дующий с юга;4;
26.05.2019 10:00;24,9;Ветер, дующий с западо-северо-запада;4;
26.05.2019 7:00;15,7;Ветер, дующий с востоко-северо-востока;1;
26.05.2019 4:00;15,9;Ветер, дующий с юго-востока;4;
26.05.2019 1:00;17,7;Ветер, дующий с юго-востока;6;
25.05.2019 22:00;16,3;Ветер, дующий с юго-востока;7;
25.05.2019 19:00;17,2;Ветер, дующий с юго-востока;8;
25.05.2019 16:00;20,1;Ветер, дующий с юго-юго-востока;9;
25.05.2019 13:00;17,5;Ветер, дующий с юго-юго-востока;7;
25.05.2019 10:00;14,8;Ветер, дующий с юго-юго-востока;8;
25.05.2019 7:00;12,1;Ветер, дующий с юго-юго-востока;7;
25.05.2019 4:00;12,6;Ветер, дующий с юго-юго-востока;9;
25.05.2019 1:00;12,5;Ветер, дующий с юго-юго-востока;8;
24.05.2019 22:00;12,2;Ветер, дующий с юго-юго-востока;8;
24.05.2019 19:00;13,2;Ветер, дующий с юга;7;
24.05.2019 16:00;16;Ветер, дующий с юго-юго-востока;9;
24.05.2019 13:00;17,2;Ветер, дующий с юга;7;
24.05.2019 10:00;16,6;Ветер, дующий с юга;4;
24.05.2019 7:00;12,6;Ветер, дующий с востоко-юго-востока;4;
24.05.2019 4:00;12;Ветер, дующий с юго-востока;4;
24.05.2019 1:00;14,6;Ветер, дующий с юга;3;
23.05.2019 22:00;16;Ветер, дующий с запада;2;
23.05.2019 19:00;19,8;Ветер, дующий с юга;2;
23.05.2019 16:00;20;Ветер, дующий с севера;3;
23.05.2019 13:00;17,4;Ветер, дующий с северо-северо-запада;3;
23.05.2019 10:00;11,9;Ветер, дующий с северо-северо-запада;5;Дождь.
23.05.2019 7:00;11,5;Ветер, дующий с востоко-юго-востока;1;Дождь.
23.05.2019 4:00;12;Ветер, дующий с юга;4;Дождь.
23.05.2019 1:00;12,4;Ветер, дующий с юга;2;
22.05.2019 22:00;14;Ветер, дующий с севера;3;Ливень (ливни).
22.05.2019 19:00;14,3;Ветер, дующий с севера;4;Ливень (ливни).
22.05.2019 16:00;15,4;Ветер, дующий с юга;4;Ливень (ливни).
22.05.2019 13:00;15,7;Ветер, дующий с юго-юго-востока;6;
22.05.2019 10:00;11,6;Ветер, дующий с юго-востока;4;Дождь.
22.05.2019 7:00;11,5;Ветер, дующий с западо-юго-запада;4;Дождь.
22.05.2019 4:00;11,6;Ветер, дующий с юго-юго-запада;4;
22.05.2019 1:00;12,2;Ветер, дующий с юго-запада;6;
21.05.2019 22:00;13,5;Ветер, дующий с юго-юго-запада;4;Ливень (ливни).
21.05.2019 19:00;13,3;Ветер, дующий с западо-юго-запада;4;Ливень (ливни).
21.05.2019 16:00;15,3;Ветер, дующий с юго-юго-востока;6;
21.05.2019 13:00;15,5;Ветер, дующий с юго-юго-востока;7;
21.05.2019 10:00;12,7;Ветер, дующий с юго-востока;6;
21.05.2019 7:00;11,4;Ветер, дующий с юга;2;
21.05.2019 4:00;10,9;Ветер, дующий с юга;5;
21.05.2019 1:00;10,3;Ветер, дующий с юго-юго-запада;5;
20.05.2019 22:00;9,7;Ветер, дующий с юго-юго-востока;7;Туман или ледяной туман или сильная мгла.
20.05.2019 19:00;11,2;Ветер, дующий с юго-юго-востока;7;Туман или ледяной туман или сильная мгла.
20.05.2019 16:00;10,7;Ветер, дующий с юго-юго-востока;8;Дождь.
20.05.2019 13:00;11,9;Ветер, дующий с юга;10;Дождь.
20.05.2019 10:00;12,5;Ветер, дующий с юга;16;Дождь.
20.05.2019 7:00;11,9;Ветер, дующий с юго-юго-востока;18;Дождь.
20.05.2019 4:00;11,6;Ветер, дующий с юго-юго-востока;16;Дождь.
20.05.2019 1:00;11,6;Ветер, дующий с юго-юго-востока;14;Дождь.
19.05.2019 22:00;11,3;Ветер, дующий с юго-юго-востока;15;Дождь.
19.05.2019 19:00;11,7;Ветер, дующий с юго-юго-востока;12;Дождь.
19.05.2019 16:00;12,2;Ветер, дующий с юго-юго-востока;11;Морось.
19.05.2019 13:00;12;Ветер, дующий с юго-юго-востока;8;Морось.
19.05.2019 10:00;11,9;Ветер, дующий с юго-юго-востока;10;Морось.
19.05.2019 7:00;11,4;Ветер, дующий с юго-юго-востока;9;Морось.
19.05.2019 4:00;11,4;Ветер, дующий с юго-востока;7;Туман или ледяной туман или сильная мгла.
19.05.2019 1:00;10,9;Ветер, дующий с юго-юго-востока;8;Туман или ледяной туман или сильная мгла.
18.05.2019 22:00;11,5;Ветер, дующий с юго-юго-востока;8;Туман или ледяной туман или сильная мгла.
18.05.2019 19:00;12,2;Ветер, дующий с юго-юго-востока;10;
18.05.2019 16:00;13,5;Ветер, дующий с юго-юго-востока;9;Морось.
18.05.2019 13:00;12,2;Ветер, дующий с юго-юго-востока;8;Морось.
18.05.2019 10:00;11,5;Ветер, дующий с юго-юго-востока;10;Морось.
18.05.2019 7:00;10,3;Ветер, дующий с юго-юго-востока;7;Морось.
18.05.2019 4:00;9,7;Ветер, дующий с юго-юго-востока;9;Морось.
18.05.2019 1:00;9,9;Ветер, дующий с юга;6;Морось.
17.05.2019 22:00;10;Ветер, дующий с юго-юго-востока;10;Туман или ледяной туман или сильная мгла.
17.05.2019 19:00;10,5;Ветер, дующий с юго-юго-востока;7;Туман или ледяной туман или сильная мгла.
17.05.2019 16:00;11,1;Ветер, дующий с юго-юго-востока;10;Морось.
17.05.2019 13:00;10,5;Ветер, дующий с юго-юго-востока;11;Морось.
17.05.2019 10:00;10,3;Ветер, дующий с юго-юго-востока;14;Морось.
17.05.2019 7:00;10,9;Ветер, дующий с юго-юго-востока;10;Морось.
17.05.2019 4:00;10,4;Ветер, дующий с юго-юго-востока;12;Морось.
17.05.2019 1:00;11,1;Ветер, дующий с юго-юго-востока;10;Морось.
16.05.2019 22:00;9,8;Ветер, дующий с юго-юго-востока;8;Морось.
16.05.2019 19:00;8,8;Ветер, дующий с юго-юго-востока;9;Дождь.
16.05.2019 16:00;9,3;Ветер, дующий с юго-юго-востока;9;Туман или ледяной туман или сильная мгла.
16.05.2019 13:00;9,2;Ветер, дующий с юго-юго-востока;9;Туман или ледяной туман или сильная мгла.
16.05.2019 10:00;9,1;Ветер, дующий с юго-юго-востока;10;Морось.
16.05.2019 7:00;8,9;Ветер, дующий с юго-юго-востока;9;Морось.
16.05.2019 4:00;8,9;Ветер, дующий с юго-юго-востока;9;Морось.
16.05.2019 1:00;8;Ветер, дующий с юго-юго-востока;7;Туман или ледяной туман или сильная мгла.
15.05.2019 22:00;8,5;Ветер, дующий с юго-юго-востока;8;Туман или ледяной туман или сильная мгла.
15.05.2019 19:00;8,9;Ветер, дующий с юга;6;Туман или ледяной туман или сильная мгла.
15.05.2019 16:00;11,8;Ветер, дующий с юго-юго-востока;6;Туман или ледяной туман или сильная мгла.
15.05.2019 13:00;11;Ветер, дующий с юга;5;Туман или ледяной туман или сильная мгла.
15.05.2019 10:00;9,3;Ветер, дующий с юга;4;Морось.
15.05.2019 7:00;9,2;Ветер, дующий с юго-юго-востока;3;Морось.
15.05.2019 4:00;8,8;Ветер, дующий с юго-юго-востока;6;Морось.
15.05.2019 1:00;8,3;Ветер, дующий с юго-юго-востока;7;Туман или ледяной туман или сильная мгла.
14.05.2019 22:00;8,3;Ветер, дующий с юга;7;Туман или ледяной туман или сильная мгла.
14.05.2019 19:00;8,7;Ветер, дующий с юга;6;Туман или ледяной туман или сильная мгла.
14.05.2019 16:00;10,7;Ветер, дующий с юго-юго-востока;6;
14.05.2019 13:00;13;Ветер, дующий с юго-юго-востока;6;
14.05.2019 10:00;9,3;Ветер, дующий с юго-востока;5;Морось.
14.05.2019 7:00;8,6;Ветер, дующий с юго-востока;6;Дождь.
14.05.2019 4:00;8,1;Ветер, дующий с юго-юго-востока;7;Дождь.
14.05.2019 1:00;7,7;Ветер, дующий с юго-юго-востока;11;Дождь.
13.05.2019 22:00;7,2;Ветер, дующий с юго-юго-востока;10;Дождь.
13.05.2019 19:00;7,4;Ветер, дующий с юго-юго-востока;9;Туман или ледяной туман или сильная мгла.
13.05.2019 16:00;7,3;Ветер, дующий с юго-юго-востока;10;
13.05.2019 13:00;7,6;Ветер, дующий с юга;9;Морось.
13.05.2019 10:00;7;Ветер, дующий с юга;7;Морось.
13.05.2019 7:00;6,6;Ветер, дующий с юга;7;Туман или ледяной туман или сильная мгла.
13.05.2019 4:00;6,4;Ветер, дующий с юга;7;Облака покрывали более половины неба в течение всего соответствующего периода.
13.05.2019 1:00;6,2;Ветер, дующий с юго-юго-востока;7;
12.05.2019 22:00;6,2;Ветер, дующий с юга;6;
12.05.2019 19:00;8,3;Ветер, дующий с юга;7;
12.05.2019 16:00;10;Ветер, дующий с юга;9;
12.05.2019 13:00;11,5;Ветер, дующий с юга;6;
12.05.2019 10:00;8,6;Ветер, дующий с юга;7;
12.05.2019 7:00;5,8;Ветер, дующий с юга;7;
12.05.2019 4:00;5,5;Ветер, дующий с юга;8;
12.05.2019 1:00;5,5;Ветер, дующий с юга;8;
11.05.2019 22:00;6;Ветер, дующий с юго-юго-востока;9;
11.05.2019 19:00;6,8;Ветер, дующий с юга;7;
11.05.2019 16:00;10;Ветер, дующий с юга;7;
11.05.2019 13:00;11,6;Ветер, дующий с юга;5;
11.05.2019 10:00;8,3;Ветер, дующий с запада;3;
11.05.2019 7:00;6,6;Ветер, дующий с юго-юго-востока;5;
11.05.2019 4:00;9,4;Ветер, дующий с юго-востока;4;
11.05.2019 1:00;9,5;Ветер, дующий с востоко-юго-востока;4;
10.05.2019 22:00;10;Ветер, дующий с юго-юго-востока;4;
10.05.2019 19:00;11,9;Ветер, дующий с юго-юго-востока;6;
10.05.2019 16:00;17;Ветер, дующий с юго-юго-востока;6;
10.05.2019 13:00;19,6;Ветер, дующий с юга;3;
10.05.2019 10:00;12,8;Ветер, дующий с севера;4;
10.05.2019 7:00;8,8;Ветер, дующий с севера;7;
10.05.2019 4:00;9,9;Ветер, дующий с севера;5;
10.05.2019 1:00;13,5;Ветер, дующий с северо-северо-востока;2;
09.05.2019 22:00;14,5;Ветер, дующий с юго-юго-запада;1;
09.05.2019 19:00;15,6;Ветер, дующий с юго-юго-запада;4;
09.05.2019 16:00;17;Ветер, дующий с востоко-юго-востока;6;Облака покрывали более половины неба в течение всего соответствующего периода.
09.05.2019 13:00;19,5;Ветер, дующий с юго-запада;3;
09.05.2019 10:00;15,1;Ветер, дующий с северо-северо-запада;3;
09.05.2019 7:00;11,8;Ветер, дующий с севера;5;
09.05.2019 4:00;14,4;Ветер, дующий с северо-северо-запада;4;Ливень (ливни).
09.05.2019 1:00;16,8;Ветер, дующий с запада;4;Ливень (ливни).
08.05.2019 22:00;17,3;Ветер, дующий с севера;3;
08.05.2019 19:00;17,5;Ветер, дующий с юга;6;
08.05.2019 16:00;18,2;Ветер, дующий с юго-юго-востока;5;
08.05.2019 13:00;17;Ветер, дующий с юга;5;
08.05.2019 10:00;11,7;Ветер, дующий с юго-востока;4;
08.05.2019 7:00;10,5;Ветер, дующий с юго-юго-востока;2;
08.05.2019 4:00;10;Ветер, дующий с юго-запада;2;
08.05.2019 1:00;9,6;Ветер, дующий с юга;3;
07.05.2019 22:00;11,7;Ветер, дующий с юго-юго-востока;5;
07.05.2019 19:00;13,1;Ветер, дующий с юга;4;
07.05.2019 16:00;13,7;Ветер, дующий с юго-юго-востока;5;Ливень (ливни).
07.05.2019 13:00;13,4;Ветер, дующий с юго-юго-востока;4;
07.05.2019 10:00;12,1;Ветер, дующий с запада;1;
07.05.2019 7:00;8,7;Ветер, дующий с запада;3;
07.05.2019 4:00;7,8;Ветер, дующий с западо-юго-запада;3;
07.05.2019 1:00;10,2;Ветер, дующий с запада;3;
06.05.2019 22:00;10,1;Ветер, дующий с юго-запада;3;
06.05.2019 19:00;12,1;Ветер, дующий с северо-запада;3;
06.05.2019 16:00;11,1;Ветер, дующий с северо-северо-запада;3;Ливень (ливни).
06.05.2019 13:00;11,5;Ветер, дующий с северо-северо-запада;5;
06.05.2019 10:00;7,4;Ветер, дующий с севера;6;
06.05.2019 7:00;5,1;Ветер, дующий с северо-северо-запада;6;
06.05.2019 4:00;5,4;Ветер, дующий с северо-северо-запада;7;Дождь.
06.05.2019 1:00;4,7;Ветер, дующий с севера;3;Дождь.
05.05.2019 22:00;4,7;Ветер, дующий с севера;3;Дождь.
05.05.2019 19:00;8,8;Ветер, дующий с северо-северо-запада;4;Туман или ледяной туман или сильная мгла.
05.05.2019 16:00;8,3;Ветер, дующий с юго-юго-востока;11;Морось.
05.05.2019 13:00;8,5;Ветер, дующий с юго-юго-востока;11;Морось.
05.05.2019 10:00;7,8;Ветер, дующий с юго-юго-востока;10;Морось.
05.05.2019 7:00;7,4;Ветер, дующий с юго-юго-востока;10;Морось.
05.05.2019 4:00;8,1;Ветер, дующий с юго-юго-востока;11;Морось.
05.05.2019 1:00;8;Ветер, дующий с юго-юго-востока;9;Морось.
04.05.2019 22:00;7,7;Ветер, дующий с юго-юго-востока;8;Морось.
04.05.2019 19:00;8,1;Ветер, дующий с юго-юго-востока;9;Туман или ледяной туман или сильная мгла.
04.05.2019 16:00;10,4;Ветер, дующий с юго-юго-востока;10;
04.05.2019 13:00;12,3;Ветер, дующий с юго-юго-востока;8;
04.05.2019 10:00;10,4;Ветер, дующий с юго-юго-востока;8;
04.05.2019 7:00;7,1;Ветер, дующий с юго-востока;7;
04.05.2019 4:00;7,2;Ветер, дующий с востоко-юго-востока;5;
04.05.2019 1:00;10,3;Ветер, дующий с востоко-юго-востока;5;
03.05.2019 22:00;13,9;Ветер, дующий с юга;5;
03.05.2019 19:00;16,5;Ветер, дующий с юго-юго-запада;7;
03.05.2019 16:00;19,7;Ветер, дующий с юго-юго-запада;6;
03.05.2019 13:00;18,9;Ветер, дующий с юга;4;
03.05.2019 10:00;13,9;Ветер, дующий с западо-северо-запада;1;
03.05.2019 7:00;8,8;Ветер, дующий с западо-юго-запада;2;
03.05.2019 4:00;9,7;Ветер, дующий с юго-запада;2;
03.05.2019 1:00;9;Ветер, дующий с западо-северо-запада;3;
02.05.2019 22:00;11,1;Ветер, дующий с севера;2;
02.05.2019 19:00;14,2;Ветер, дующий с севера;5;
02.05.2019 16:00;12,5;Ветер, дующий с западо-северо-запада;4;Ливень (ливни).
02.05.2019 13:00;11,3;Ветер, дующий с юго-запада;5;
02.05.2019 10:00;10,7;Ветер, дующий с северо-запада;5;
02.05.2019 7:00;7,3;Ветер, дующий с западо-северо-запада;6;
02.05.2019 4:00;8,2;Ветер, дующий с северо-северо-запада;7;
02.05.2019 1:00;7,9;Ветер, дующий с северо-северо-запада;5;
01.05.2019 22:00;8;Ветер, дующий с северо-северо-запада;7;Ливень (ливни).
01.05.2019 19:00;6,5;Ветер, дующий с северо-северо-запада;7;Ливень (ливни).
01.05.2019 16:00;7,7;Ветер, дующий с востоко-юго-востока;1;Дождь.
01.05.2019 13:00;6,1;Ветер, дующий с востока;3;Дождь.
01.05.2019 10:00;5,1;Ветер, дующий с юго-юго-востока;6;Дождь.
01.05.2019 7:00;4,8;Ветер, дующий с юго-юго-востока;7;Морось.
01.05.2019 4:00;4,4;Ветер, дующий с юго-юго-востока;5;Морось.
01.05.2019 1:00;5;Ветер, дующий с юго-юго-востока;8;Морось.
30.04.2019 22:00;5,6;Ветер, дующий с юга;6;
30.04.2019 19:00;7,1;Ветер, дующий с юга;5;
30.04.2019 16:00;9,3;Ветер, дующий с юго-юго-востока;8;
30.04.2019 13:00;9,5;Ветер, дующий с юго-юго-востока;5;
30.04.2019 10:00;8,2;Ветер, дующий с юго-юго-востока;8;
30.04.2019 7:00;6,3;Ветер, дующий с юго-юго-востока;8;
30.04.2019 4:00;6,1;Ветер, дующий с юго-востока;6;Туман или ледяной туман или сильная мгла.
30.04.2019 1:00;5,3;Ветер, дующий с юго-востока;6;
29.04.2019 22:00;5,7;Ветер, дующий с юго-юго-востока;8;Туман или ледяной туман или сильная мгла.
29.04.2019 19:00;7,1;Ветер, дующий с юго-юго-востока;9;Туман или ледяной туман или сильная мгла.
29.04.2019 16:00;7,7;Ветер, дующий с юго-юго-востока;9;Туман или ледяной туман или сильная мгла.
29.04.2019 13:00;7,7;Ветер, дующий с юго-юго-востока;7;Туман или ледяной туман или сильная мгла.
29.04.2019 10:00;7,6;Ветер, дующий с юго-юго-востока;6;Туман или ледяной туман или сильная мгла.
29.04.2019 7:00;6,7;Ветер, дующий с юго-востока;6;
29.04.2019 4:00;6,4;Ветер, дующий с юго-юго-востока;7;
29.04.2019 1:00;6,6;Ветер, дующий с юго-юго-востока;7;
28.04.2019 22:00;9,7;Ветер, дующий с юга;5;
28.04.2019 19:00;11,2;Ветер, дующий с юго-юго-востока;5;
28.04.2019 16:00;11,6;Ветер, дующий с юго-юго-востока;6;
28.04.2019 13:00;12,8;Ветер, дующий с юго-юго-востока;6;
28.04.2019 10:00;9,2;Ветер, дующий с юго-юго-востока;5;
28.04.2019 7:00;4,8;Ветер, дующий с востоко-юго-востока;5;
28.04.2019 4:00;5,5;Ветер, дующий с юго-востока;5;
28.04.2019 1:00;8,2;Ветер, дующий с юга;5;
27.04.2019 22:00;9,9;Ветер, дующий с юго-юго-запада;6;
27.04.2019 19:00;10,7;Ветер, дующий с юго-юго-запада;6;
27.04.2019 16:00;14,5;Ветер, дующий с юго-юго-запада;5;
27.04.2019 13:00;13,9;Ветер, дующий с севера;5;
27.04.2019 10:00;8,1;Ветер, дующий с северо-северо-запада;1;Туман или ледяной туман или сильная мгла.
27.04.2019 7:00;1;Ветер, дующий с севера;1;Туман или ледяной туман или сильная мгла.
27.04.2019 4:00;1,8;Ветер, дующий с севера;2;
27.04.2019 1:00;2,6;Ветер, дующий с востоко-юго-востока;3;
26.04.2019 22:00;2,2;Ветер, дующий с юго-востока;3;
26.04.2019 19:00;5;Ветер, дующий с юго-юго-востока;4;
26.04.2019 16:00;6,8;Ветер, дующий с юго-запада;6;
26.04.2019 13:00;5,7;Ветер, дующий с юга;4;
26.04.2019 10:00;3,7;Ветер, дующий с юго-юго-запада;2;Дождь.
26.04.2019 7:00;3,4;Ветер, дующий с юго-юго-востока;6;Дождь.
26.04.2019 4:00;5,5;Ветер, дующий с юго-востока;10;Дождь.
26.04.2019 1:00;6,8;Ветер, дующий с севера;5;
25.04.2019 22:00;8,9;Ветер, дующий с севера;3;
25.04.2019 19:00;10,4;Ветер, дующий с севера;8;
25.04.2019 16:00;11,3;Ветер, дующий с севера;8;
25.04.2019 13:00;9,5;Ветер, дующий с севера;8;
25.04.2019 10:00;6,9;Ветер, дующий с севера;7;
25.04.2019 7:00;5,8;Ветер, дующий с севера;7;
25.04.2019 4:00;5,3;Ветер, дующий с севера;5;
25.04.2019 1:00;5,3;Ветер, дующий с севера;5;
24.04.2019 22:00;6,1;Ветер, дующий с северо-северо-запада;3;Ливень (ливни).
24.04.2019 19:00;7,6;Ветер, дующий с севера;6;Ливень (ливни).
24.04.2019 16:00;9;Ветер, дующий с севера;10;
24.04.2019 13:00;12,3;Ветер, дующий с севера;10;
24.04.2019 10:00;9,4;Ветер, дующий с севера;5;Туман или ледяной туман или сильная мгла.
24.04.2019 7:00;7,1;Ветер, дующий с севера;3;Туман или ледяной туман или сильная мгла.
24.04.2019 4:00;6,9;Ветер, дующий с востока;1;Туман или ледяной туман или сильная мгла.
24.04.2019 1:00;6,1;Ветер, дующий с юго-юго-востока;8;Туман или ледяной туман или сильная мгла.
23.04.2019 22:00;7,5;Ветер, дующий с юго-юго-востока;7;Туман или ледяной туман или сильная мгла.
23.04.2019 19:00;7;Ветер, дующий с юго-юго-востока;8;Облака покрывали более половины неба в течение всего соответствующего периода.
23.04.2019 16:00;6,2;Ветер, дующий с юго-юго-востока;12;Морось.
23.04.2019 13:00;6,3;Ветер, дующий с юго-юго-востока;12;Морось.
23.04.2019 10:00;7,1;Ветер, дующий с юго-юго-востока;11;Морось.
23.04.2019 7:00;6,8;Ветер, дующий с юго-юго-востока;13;Туман или ледяной туман или сильная мгла.
23.04.2019 4:00;6,1;Ветер, дующий с юго-юго-востока;12;Дождь.
23.04.2019 1:00;6,4;Ветер, дующий с юго-юго-востока;7;
22.04.2019 22:00;9,6;Ветер, дующий с юга;6;
22.04.2019 19:00;14,3;Ветер, дующий с юга;4;
22.04.2019 16:00;16,3;Ветер, дующий с юго-запада;4;
22.04.2019 13:00;13,9;Ветер, дующий с северо-северо-запада;4;
22.04.2019 10:00;10,4;Ветер, дующий с севера;4;
22.04.2019 7:00;6,5;Ветер, дующий с севера;4;
22.04.2019 4:00;7,9;Ветер, дующий с севера;4;
22.04.2019 1:00;10,2;Ветер, дующий с севера;5;
21.04.2019 22:00;10,1;Ветер, дующий с юго-юго-запада;4;
21.04.2019 19:00;13,2;Ветер, дующий с юга;5;
21.04.2019 16:00;13,4;Ветер, дующий с юго-запада;4;
21.04.2019 13:00;13,6;Ветер, дующий с северо-северо-запада;6;
21.04.2019 10:00;9,8;Ветер, дующий с севера;3;Туман или ледяной туман или сильная мгла.
21.04.2019 7:00;4,2;Ветер, дующий с севера;3;Туман или ледяной туман или сильная мгла.
21.04.2019 4:00;5,1;Ветер, дующий с востоко-юго-востока;2;Туман или ледяной туман или сильная мгла.
21.04.2019 1:00;5;Ветер, дующий с юго-юго-востока;6;Туман или ледяной туман или сильная мгла.
20.04.2019 22:00;4,4;Ветер, дующий с юго-юго-востока;9;
20.04.2019 19:00;5,1;Ветер, дующий с юго-юго-востока;8;
20.04.2019 16:00;8,5;Ветер, дующий с юго-юго-востока;8;
20.04.2019 13:00;10,2;Ветер, дующий с юго-юго-востока;5;
20.04.2019 10:00;9,1;Ветер, дующий с юго-юго-востока;2;
20.04.2019 7:00;4,4;Ветер, дующий с севера;4;
20.04.2019 4:00;5,6;Ветер, дующий с севера;5;
20.04.2019 1:00;7,4;Ветер, дующий с севера;4;
19.04.2019 22:00;10,4;Ветер, дующий с севера;6;
19.04.2019 19:00;12,8;Ветер, дующий с северо-северо-запада;9;
19.04.2019 16:00;13,4;Ветер, дующий с северо-северо-запада;8;
19.04.2019 13:00;11;Ветер, дующий с северо-северо-запада;4;
19.04.2019 10:00;6,6;Ветер, дующий с западо-северо-запада;5;
19.04.2019 7:00;3,5;Ветер, дующий с западо-северо-запада;6;
19.04.2019 4:00;4;Ветер, дующий с северо-запада;5;
19.04.2019 1:00;4,1;Ветер, дующий с северо-северо-запада;9;
18.04.2019 22:00;4,6;Ветер, дующий с севера;6;
18.04.2019 19:00;6,5;Ветер, дующий с северо-северо-запада;12;
18.04.2019 16:00;10,9;Ветер, дующий с северо-северо-запада;10;
18.04.2019 13:00;12,8;Ветер, дующий с юга;3;
18.04.2019 10:00;9,6;Ветер, дующий с юго-востока;6;
18.04.2019 7:00;6,5;Ветер, дующий с юго-востока;8;
18.04.2019 4:00;6,4;Ветер, дующий с юго-востока;8;Дождь.
18.04.2019 1:00;8,1;Ветер, дующий с юго-юго-востока;12;
17.04.2019 22:00;6,6;Ветер, дующий с юго-востока;8;
17.04.2019 19:00;10,2;Ветер, дующий с юга;7;
17.04.2019 16:00;11,8;Ветер, дующий с юго-юго-востока;7;
17.04.2019 13:00;14,7;Ветер, дующий с юго-юго-востока;7;
17.04.2019 10:00;10,5;Ветер, дующий с юго-юго-востока;4;
17.04.2019 7:00;6,2;Ветер, дующий с юга;2;
17.04.2019 4:00;6,8;Ветер, дующий с юго-востока;5;
17.04.2019 1:00;5,9;Ветер, дующий с юго-востока;7;
16.04.2019 22:00;5,9;Ветер, дующий с юго-юго-востока;11;
16.04.2019 19:00;6,2;Ветер, дующий с юго-востока;9;
16.04.2019 16:00;6,3;Ветер, дующий с юго-востока;11;
16.04.2019 13:00;6,1;Ветер, дующий с юго-юго-востока;9;
16.04.2019 10:00;5,9;Ветер, дующий с юго-юго-востока;9;
16.04.2019 7:00;5,2;Ветер, дующий с юго-юго-востока;9;
16.04.2019 4:00;3,9;Ветер, дующий с юго-востока;8;
16.04.2019 1:00;4,1;Ветер, дующий с юго-юго-востока;7;
15.04.2019 22:00;7,9;Ветер, дующий с юго-юго-запада;8;
15.04.2019 19:00;10,4;Ветер, дующий с юга;8;
15.04.2019 16:00;12,5;Ветер, дующий с юго-запада;6;
15.04.2019 13:00;11,5;Ветер, дующий с севера;7;
15.04.2019 10:00;6,3;Ветер, дующий с севера;6;
15.04.2019 7:00;2,9;Ветер, дующий с севера;7;
15.04.2019 4:00;2,9;Ветер, дующий с севера;7;
15.04.2019 1:00;3,4;Ветер, дующий с северо-северо-запада;10;
14.04.2019 22:00;4,3;Ветер, дующий с севера;8;Дождь.
14.04.2019 19:00;5,3;Ветер, дующий с севера;8;Дождь.
14.04.2019 16:00;4,3;Ветер, дующий с севера;7;Дождь.
14.04.2019 13:00;4,1;Ветер, дующий с севера;7;Дождь.
14.04.2019 10:00;3,6;Ветер, дующий с северо-северо-запада;9;Дождь.
14.04.2019 7:00;3,1;Ветер, дующий с севера;8;Дождь.
14.04.2019 4:00;3,5;Ветер, дующий с севера;4;Дождь.
14.04.2019 1:00;5,1;Ветер, дующий с северо-северо-востока;2;Дождь.
13.04.2019 22:00;5,8;Ветер, дующий с севера;7;Дождь.
13.04.2019 19:00;5;Ветер, дующий с юга;5;
13.04.2019 16:00;5,8;Ветер, дующий с юго-востока;8;Морось.
13.04.2019 13:00;5,9;Ветер, дующий с юго-юго-востока;9;Морось.
13.04.2019 10:00;5,3;Ветер, дующий с юго-юго-востока;8;
13.04.2019 7:00;4,9;Ветер, дующий с юго-юго-востока;8;
13.04.2019 4:00;4;Ветер, дующий с юго-востока;8;
13.04.2019 1:00;4,4;Ветер, дующий с юго-востока;6;
12.04.2019 22:00;7,9;Ветер, дующий с юга;5;
12.04.2019 19:00;10,4;Ветер, дующий с юга;7;
12.04.2019 16:00;14,8;Ветер, дующий с юга;6;
12.04.2019 13:00;13,5;Ветер, дующий с юго-запада;4;
12.04.2019 10:00;9,2;Штиль, безветрие;0;
12.04.2019 7:00;4,4;Ветер, дующий с севера;3;
12.04.2019 4:00;5,3;Ветер, дующий с юга;1;
12.04.2019 1:00;5,1;Ветер, дующий с востока;2;
11.04.2019 22:00;7,3;Ветер, дующий с юго-юго-запада;4;
11.04.2019 19:00;9,7;Ветер, дующий с юго-юго-запада;5;
11.04.2019 16:00;12,1;Ветер, дующий с юго-юго-запада;6;
11.04.2019 13:00;11,9;Ветер, дующий с севера;4;
11.04.2019 10:00;7,4;Ветер, дующий с севера;1;
11.04.2019 7:00;2,8;Ветер, дующий с севера;3;
11.04.2019 4:00;4,6;Ветер, дующий с запада;1;
11.04.2019 1:00;4,4;Ветер, дующий с западо-северо-запада;1;
10.04.2019 22:00;6,2;Ветер, дующий с юго-запада;3;
10.04.2019 19:00;6,1;Ветер, дующий с юго-запада;5;
10.04.2019 16:00;8,7;Ветер, дующий с юго-запада;3;
10.04.2019 13:00;9,6;Ветер, дующий с юга;3;
10.04.2019 10:00;6,7;Ветер, дующий с юго-юго-запада;1;
10.04.2019 7:00;3,9;Ветер, дующий с северо-северо-запада;1;
10.04.2019 4:00;4,7;Ветер, дующий с северо-запада;1;
10.04.2019 1:00;5,8;Ветер, дующий с юго-запада;3;
09.04.2019 22:00;5,9;Ветер, дующий с юго-запада;3;
09.04.2019 19:00;6,5;Ветер, дующий с юго-запада;4;
09.04.2019 16:00;11;Ветер, дующий с северо-северо-запада;5;
09.04.2019 13:00;9;Ветер, дующий с северо-северо-запада;5;
09.04.2019 10:00;4,6;Ветер, дующий с северо-северо-запада;4;
09.04.2019 7:00;1,4;Ветер, дующий с северо-северо-запада;3;
09.04.2019 4:00;2;Ветер, дующий с северо-северо-запада;3;Ливень (ливни).
09.04.2019 1:00;2,3;Ветер, дующий с северо-северо-запада;5;Ливень (ливни).
08.04.2019 22:00;2,9;Ветер, дующий с северо-запада;7;Ливень (ливни).
08.04.2019 19:00;5,6;Ветер, дующий с северо-запада;2;Ливень (ливни).
08.04.2019 16:00;5,8;Ветер, дующий с северо-северо-запада;6;Ливень (ливни).
08.04.2019 13:00;7,8;Ветер, дующий с северо-северо-запада;7;
08.04.2019 10:00;4,7;Ветер, дующий с северо-северо-запада;3;
08.04.2019 7:00;3,7;Ветер, дующий с северо-северо-запада;1;
08.04.2019 4:00;3;Ветер, дующий с севера;4;
08.04.2019 1:00;5,5;Ветер, дующий с востоко-юго-востока;1;
07.04.2019 22:00;5,7;Ветер, дующий с севера;2;Дождь.
07.04.2019 19:00;8,2;Ветер, дующий с северо-северо-запада;4;
07.04.2019 16:00;8,3;Ветер, дующий с северо-запада;3;Облака покрывали более половины неба в течение всего соответствующего периода.
07.04.2019 13:00;8,6;Ветер, дующий с запада;1;
07.04.2019 10:00;4,6;Ветер, дующий с юго-запада;2;
07.04.2019 7:00;3,1;Ветер, дующий с западо-северо-запада;4;
07.04.2019 4:00;3,3;Ветер, дующий с западо-северо-запада;3;
07.04.2019 1:00;3,7;Ветер, дующий с северо-запада;4;
06.04.2019 22:00;4,7;Ветер, дующий с северо-северо-запада;4;Дождь.
06.04.2019 19:00;6,2;Ветер, дующий с западо-юго-запада;2;Дождь.
06.04.2019 16:00;8,4;Ветер, дующий с юга;4;
06.04.2019 13:00;8,3;Ветер, дующий с юго-юго-запада;2;
06.04.2019 10:00;5,3;Ветер, дующий с запада;2;
06.04.2019 7:00;2,3;Ветер, дующий с северо-запада;3;
06.04.2019 4:00;2,6;Ветер, дующий с северо-запада;5;
06.04.2019 1:00;2,6;Ветер, дующий с северо-запада;3;
05.04.2019 22:00;3,8;Ветер, дующий с западо-северо-запада;7;Дождь.
05.04.2019 19:00;4,3;Ветер, дующий с северо-северо-запада;10;Дождь.
05.04.2019 16:00;3,7;Ветер, дующий с северо-северо-запада;12;
05.04.2019 13:00;6,8;Ветер, дующий с северо-запада;12;
05.04.2019 10:00;5,5;Ветер, дующий с западо-юго-запада;3;
05.04.2019 7:00;1,5;Ветер, дующий с юго-юго-запада;4;
05.04.2019 4:00;2;Ветер, дующий с юго-юго-запада;4;
05.04.2019 1:00;3,2;Ветер, дующий с юга;3;
04.04.2019 22:00;4,5;Ветер, дующий с юга;6;
04.04.2019 19:00;7,7;Ветер, дующий с востока;1;
04.04.2019 16:00;10,1;Ветер, дующий с севера;2;
04.04.2019 13:00;10;Ветер, дующий с северо-северо-запада;5;
04.04.2019 10:00;6,6;Ветер, дующий с северо-северо-запада;4;
04.04.2019 7:00;1,7;Ветер, дующий с юго-юго-востока;4;
04.04.2019 4:00;1,4;Ветер, дующий с юго-юго-востока;8;
04.04.2019 1:00;1,4;Ветер, дующий с юго-востока;8;
03.04.2019 22:00;3;Ветер, дующий с юго-юго-запада;5;
03.04.2019 19:00;4,5;Ветер, дующий с юга;8;
03.04.2019 16:00;9,3;Ветер, дующий с юго-юго-запада;5;
03.04.2019 13:00;7;Ветер, дующий с юго-запада;4;
03.04.2019 10:00;3,1;Ветер, дующий с запада;2;
03.04.2019 7:00;0,7;Ветер, дующий с северо-запада;3;
03.04.2019 4:00;1,1;Ветер, дующий с северо-запада;4;
03.04.2019 1:00;1,6;Ветер, дующий с западо-северо-запада;5;
02.04.2019 22:00;2,1;Ветер, дующий с западо-северо-запада;6;
02.04.2019 19:00;2,9;Ветер, дующий с севера;6;
02.04.2019 16:00;3,5;Ветер, дующий с севера;6;
02.04.2019 13:00;2,4;Ветер, дующий с северо-северо-запада;6;
02.04.2019 10:00;-0,3;Ветер, дующий с северо-северо-запада;3;
02.04.2019 7:00;-1,7;Ветер, дующий с северо-северо-запада;4;
02.04.2019 4:00;-1,8;Ветер, дующий с северо-запада;3;
02.04.2019 1:00;-1,5;Ветер, дующий с северо-запада;4;
01.04.2019 22:00;-1,5;Ветер, дующий с северо-северо-запада;3;Ливень (ливни).
01.04.2019 19:00;-0,2;Ветер, дующий с северо-северо-запада;3;Ливень (ливни).
01.04.2019 16:00;0,5;Ветер, дующий с запада;2;Облака покрывали более половины неба в течение одной части соответствующего периода и половину или менее в течение другой части периода.
01.04.2019 13:00;1;Ветер, дующий с севера;5;
01.04.2019 10:00;-1,8;Ветер, дующий с севера;2;
01.04.2019 7:00;-3,8;Ветер, дующий с северо-северо-запада;2;
01.04.2019 4:00;-3,1;Ветер, дующий с севера;4;
01.04.2019 1:00;-2,2;Ветер, дующий с северо-северо-запада;4;
31.03.2019 22:00;-1,5;Ветер, дующий с севера;5;Снег и/или другие виды твердых осадков
31.03.2019 19:00;-1;Ветер, дующий с северо-северо-запада;9;Снег и/или другие виды твердых осадков
31.03.2019 16:00;1,4;Ветер, дующий с западо-юго-запада;4;Дождь со снегом или другими видами твердых осадков
31.03.2019 13:00;4;Ветер, дующий с северо-северо-запада;5;
31.03.2019 10:00;1,4;Ветер, дующий с северо-северо-запада;5;
31.03.2019 7:00;-0,8;Ветер, дующий с севера;4;
31.03.2019 4:00;-1,1;Ветер, дующий с севера;4;
31.03.2019 1:00;0;Ветер, дующий с западо-северо-запада;2;
30.03.2019 22:00;0,1;Ветер, дующий с юго-юго-востока;5;
30.03.2019 19:00;0,4;Ветер, дующий с юго-юго-востока;6;
30.03.2019 16:00;1,9;Ветер, дующий с юго-юго-востока;6;
30.03.2019 13:00;2,1;Ветер, дующий с юго-юго-востока;11;
30.03.2019 10:00;1,7;Ветер, дующий с юго-востока;5;Дождь со снегом или другими видами твердых осадков
30.03.2019 7:00;-0,4;Ветер, дующий с юго-востока;3;Снег и/или другие виды твердых осадков
30.03.2019 4:00;-0,7;Ветер, дующий с юго-востока;5;Снег и/или другие виды твердых осадков
30.03.2019 1:00;-0,4;Ветер, дующий с юго-востока;4;
29.03.2019 22:00;-0,8;Ветер, дующий с юго-юго-востока;4;
29.03.2019 19:00;0,6;Ветер, дующий с юга;4;
29.03.2019 16:00;3,3;Ветер, дующий с юго-юго-востока;10;
29.03.2019 13:00;3,8;Ветер, дующий с юго-юго-востока;8;
29.03.2019 10:00;1,1;Ветер, дующий с юго-востока;3;
29.03.2019 7:00;-1,6;Ветер, дующий с юго-юго-востока;2;
29.03.2019 4:00;-0,9;Ветер, дующий с северо-востока;2;
29.03.2019 1:00;-0,1;Ветер, дующий с севера;4;
28.03.2019 22:00;1,1;Ветер, дующий с востоко-северо-востока;4;
28.03.2019 19:00;3,3;Ветер, дующий с севера;4;
28.03.2019 16:00;4,8;Ветер, дующий с севера;7;
28.03.2019 13:00;4;Ветер, дующий с северо-северо-запада;5;
28.03.2019 10:00;0,5;Ветер, дующий с западо-северо-запада;7;
28.03.2019 7:00;-1,3;Ветер, дующий с западо-северо-запада;7;
28.03.2019 4:00;-0,6;Ветер, дующий с северо-запада;7;
28.03.2019 1:00;0,2;Ветер, дующий с северо-северо-запада;7;
27.03.2019 22:00;1;Ветер, дующий с северо-северо-запада;4;
27.03.2019 19:00;2,6;Ветер, дующий с севера;6;
27.03.2019 16:00;3,3;Ветер, дующий с северо-северо-запада;8;
27.03.2019 13:00;1,3;Ветер, дующий с севера;6;
27.03.2019 10:00;-0,1;Ветер, дующий с северо-северо-запада;4;
27.03.2019 7:00;-0,6;Ветер, дующий с северо-северо-запада;4;
27.03.2019 4:00;-0,3;Ветер, дующий с северо-северо-запада;6;
27.03.2019 1:00;0,8;Ветер, дующий с северо-северо-запада;7;
26.03.2019 22:00;1,8;Ветер, дующий с северо-северо-запада;6;
26.03.2019 19:00;3,3;Ветер, дующий с северо-северо-запада;7;
26.03.2019 16:00;4,4;Ветер, дующий с северо-запада;9;
26.03.2019 13:00;3,9;Ветер, дующий с северо-северо-запада;9;
26.03.2019 10:00;1,8;Ветер, дующий с северо-северо-запада;8;
26.03.2019 7:00;1,9;Ветер, дующий с северо-запада;8;
26.03.2019 4:00;4,1;Ветер, дующий с северо-северо-запада;9;
26.03.2019 1:00;6,3;Ветер, дующий с запада;4;
25.03.2019 22:00;7,3;Ветер, дующий с юго-запада;4;
25.03.2019 19:00;7,5;Ветер, дующий с юго-юго-запада;6;
25.03.2019 16:00;11,3;Ветер, дующий с юго-юго-запада;7;
25.03.2019 13:00;9,7;Ветер, дующий с юго-юго-запада;5;
25.03.2019 10:00;4,6;Ветер, дующий с юго-запада;2;
25.03.2019 7:00;1,7;Ветер, дующий с юга;3;
25.03.2019 4:00;0,7;Ветер, дующий с юго-востока;3;
25.03.2019 1:00;0,9;Ветер, дующий с юго-юго-востока;8;
24.03.2019 22:00;0,5;Ветер, дующий с юго-востока;8;
24.03.2019 19:00;2;Ветер, дующий с юга;9;
24.03.2019 16:00;3,9;Ветер, дующий с юга;9;
24.03.2019 13:00;2,7;Ветер, дующий с юга;11;
24.03.2019 10:00;-1,8;Ветер, дующий с юга;6;
24.03.2019 7:00;-4,4;Ветер, дующий с юго-юго-запада;3;
24.03.2019 4:00;-4,6;Ветер, дующий с западо-юго-запада;2;
24.03.2019 1:00;-5,7;Ветер, дующий с севера;3;
23.03.2019 22:00;-4,5;Ветер, дующий с севера;6;Снег и/или другие виды твердых осадков
23.03.2019 19:00;-1,6;Ветер, дующий с северо-северо-запада;7;Снег и/или другие виды твердых осадков
23.03.2019 16:00;-0,3;Ветер, дующий с северо-северо-запада;5;Снег и/или другие виды твердых осадков
23.03.2019 13:00;0;Ветер, дующий с юга;4;
23.03.2019 10:00;-2,4;Ветер, дующий с юго-юго-востока;4;
23.03.2019 7:00;-5;Ветер, дующий с юго-юго-востока;4;
23.03.2019 4:00;-4,5;Ветер, дующий с юга;2;
23.03.2019 1:00;-4,2;Ветер, дующий с северо-северо-востока;3;
22.03.2019 22:00;-3,3;Ветер, дующий с севера;4;
22.03.2019 19:00;-1,5;Ветер, дующий с севера;8;
22.03.2019 16:00;-0,9;Ветер, дующий с севера;10;
22.03.2019 13:00;-1,8;Ветер, дующий с северо-северо-запада;8;
22.03.2019 10:00;-3,7;Ветер, дующий с северо-северо-запада;7;
22.03.2019 7:00;-3,9;Ветер, дующий с северо-северо-запада;12;
22.03.2019 4:00;-4,6;Ветер, дующий с северо-северо-запада;8;Снег и/или другие виды твердых осадков
22.03.2019 1:00;-4,5;Ветер, дующий с северо-северо-запада;12;Снег и/или другие виды твердых осадков
21.03.2019 22:00;-5,1;Ветер, дующий с севера;12;Снег и/или другие виды твердых осадков
21.03.2019 19:00;-4,4;Ветер, дующий с севера;11;Снег и/или другие виды твердых осадков
21.03.2019 16:00;-3,3;Ветер, дующий с северо-северо-запада;13;Снег и/или другие виды твердых осадков
21.03.2019 13:00;-2,1;Ветер, дующий с северо-северо-запада;8;Снег и/или другие виды твердых осадков
21.03.2019 10:00;-2;Ветер, дующий с севера;7;Снег и/или другие виды твердых осадков
21.03.2019 7:00;-1,7;Ветер, дующий с северо-северо-запада;7;Снег и/или другие виды твердых осадков
21.03.2019 4:00;-0,9;Ветер, дующий с севера;5;Снег и/или другие виды твердых осадков
21.03.2019 1:00;0,8;Ветер, дующий с севера;11;
20.03.2019 22:00;3,6;Ветер, дующий с севера;10;
20.03.2019 19:00;5,9;Ветер, дующий с севера;3;
20.03.2019 16:00;5,4;Ветер, дующий с юга;2;
20.03.2019 13:00;5,2;Ветер, дующий с юго-юго-востока;4;
20.03.2019 10:00;4,1;Ветер, дующий с юго-юго-востока;9;
20.03.2019 7:00;3,9;Ветер, дующий с юго-юго-востока;11;
20.03.2019 4:00;4;Ветер, дующий с юго-юго-востока;12;
20.03.2019 1:00;4,6;Ветер, дующий с юго-юго-востока;10;
19.03.2019 22:00;4;Ветер, дующий с юго-юго-востока;8;
19.03.2019 19:00;9,1;Ветер, дующий с юга;6;
19.03.2019 16:00;14,5;Ветер, дующий с юго-юго-востока;3;
19.03.2019 13:00;8,3;Ветер, дующий с севера;4;
19.03.2019 10:00;2,8;Ветер, дующий с севера;6;
19.03.2019 7:00;1,8;Ветер, дующий с запада;2;
19.03.2019 4:00;2,4;Ветер, дующий с юго-запада;1;
19.03.2019 1:00;2,8;Ветер, дующий с востоко-юго-востока;4;
18.03.2019 22:00;2,6;Ветер, дующий с юго-востока;7;
18.03.2019 19:00;2,8;Ветер, дующий с юго-юго-востока;9;
18.03.2019 16:00;4,9;Ветер, дующий с юго-юго-востока;9;Туман или ледяной туман или сильная мгла.
18.03.2019 13:00;3,3;Ветер, дующий с юго-юго-востока;12;Туман или ледяной туман или сильная мгла.
18.03.2019 10:00;1,6;Ветер, дующий с юго-юго-востока;8;Туман или ледяной туман или сильная мгла.
18.03.2019 7:00;0,7;Ветер, дующий с юго-юго-востока;8;
18.03.2019 4:00;1,4;Ветер, дующий с юго-юго-востока;4;
18.03.2019 1:00;1,2;Ветер, дующий с юго-юго-запада;5;
17.03.2019 22:00;1,9;Ветер, дующий с юго-юго-запада;9;
17.03.2019 19:00;2,7;Ветер, дующий с юго-юго-востока;5;
17.03.2019 16:00;5,5;Ветер, дующий с юго-юго-востока;6;
17.03.2019 13:00;5,4;Ветер, дующий с юга;3;
17.03.2019 10:00;-0,2;Ветер, дующий с западо-северо-запада;2;
17.03.2019 7:00;-2,3;Ветер, дующий с северо-северо-запада;2;
17.03.2019 4:00;-1,2;Ветер, дующий с востоко-юго-востока;1;
17.03.2019 1:00;-0,6;Ветер, дующий с востоко-юго-востока;2;
16.03.2019 22:00;0,6;Ветер, дующий с юго-юго-запада;4;
16.03.2019 19:00;2,1;Ветер, дующий с юго-запада;4;
16.03.2019 16:00;4,9;Ветер, дующий с северо-востока;2;
16.03.2019 13:00;2,5;Ветер, дующий с северо-северо-запада;5;
16.03.2019 10:00;-0,9;Ветер, дующий с северо-северо-запада;3;
16.03.2019 7:00;-3,2;Ветер, дующий с севера;3;
16.03.2019 4:00;-2,5;Ветер, дующий с северо-северо-запада;4;
16.03.2019 1:00;-1,2;Ветер, дующий с севера;4;
15.03.2019 22:00;0,4;Ветер, дующий с северо-запада;2;
15.03.2019 19:00;1,7;Ветер, дующий с юго-юго-запада;2;
15.03.2019 16:00;4;Ветер, дующий с юго-запада;3;
15.03.2019 13:00;3,5;Ветер, дующий с запада;2;
15.03.2019 10:00;0,8;Штиль, безветрие;0;
15.03.2019 7:00;-1,6;Ветер, дующий с юго-востока;4;
15.03.2019 4:00;-1,3;Ветер, дующий с юго-востока;5;
15.03.2019 1:00;-1;Ветер, дующий с юго-востока;4;
14.03.2019 22:00;-0,2;Ветер, дующий с юга;4;
14.03.2019 19:00;0,7;Ветер, дующий с юго-юго-востока;5;
14.03.2019 16:00;3,6;Ветер, дующий с юго-юго-востока;5;
14.03.2019 13:00;2,1;Ветер, дующий с северо-запада;2;
14.03.2019 10:00;-1,2;Ветер, дующий с северо-запада;3;
14.03.2019 7:00;-2,8;Ветер, дующий с северо-запада;5;
14.03.2019 4:00;-2,4;Ветер, дующий с северо-запада;7;
14.03.2019 1:00;-1,2;Ветер, дующий с северо-запада;8;
13.03.2019 22:00;-1,9;Ветер, дующий с северо-северо-запада;6;
13.03.2019 19:00;0,7;Ветер, дующий с северо-северо-запада;5;
13.03.2019 16:00;-0,4;Ветер, дующий с севера;6;
13.03.2019 13:00;-2;Ветер, дующий с севера;6;
13.03.2019 10:00;-4,8;Ветер, дующий с северо-северо-запада;4;
13.03.2019 7:00;-4,6;Ветер, дующий с северо-северо-запада;7;
13.03.2019 4:00;-3,5;Ветер, дующий с северо-северо-запада;6;
13.03.2019 1:00;-2,6;Ветер, дующий с северо-северо-запада;6;
12.03.2019 22:00;-1,5;Ветер, дующий с западо-северо-запада;4;
12.03.2019 19:00;-0,9;Ветер, дующий с юго-юго-востока;1;
12.03.2019 16:00;-0,9;Ветер, дующий с севера;3;Снег и/или другие виды твердых осадков
12.03.2019 13:00;-0,3;Ветер, дующий с западо-северо-запада;5;Снег и/или другие виды твердых осадков
12.03.2019 10:00;-0,6;Ветер, дующий с юго-юго-востока;7;Туман или ледяной туман или сильная мгла.
12.03.2019 7:00;-1,1;Ветер, дующий с юго-востока;8;Туман или ледяной туман или сильная мгла.
12.03.2019 4:00;-1;Ветер, дующий с юго-юго-востока;7;Снег и/или другие виды твердых осадков
12.03.2019 1:00;-1;Ветер, дующий с юго-востока;6;Снег и/или другие виды твердых осадков
11.03.2019 22:00;0;Ветер, дующий с юго-юго-востока;8;
11.03.2019 19:00;0,4;Ветер, дующий с юга;7;
11.03.2019 16:00;2,5;Ветер, дующий с юго-юго-востока;6;
11.03.2019 13:00;2,4;Ветер, дующий с юго-юго-востока;8;
11.03.2019 10:00;1,2;Ветер, дующий с юго-юго-запада;1;
11.03.2019 7:00;0;Ветер, дующий с юго-востока;3;
11.03.2019 4:00;-0,3;Ветер, дующий с юго-востока;3;
11.03.2019 1:00;-0,2;Ветер, дующий с юго-юго-востока;4;
10.03.2019 22:00;0;Ветер, дующий с юго-юго-востока;6;
10.03.2019 19:00;1,9;Ветер, дующий с юго-юго-востока;7;
10.03.2019 16:00;6,5;Ветер, дующий с юго-юго-запада;3;
10.03.2019 13:00;3,4;Ветер, дующий с северо-северо-запада;3;
10.03.2019 10:00;0,1;Ветер, дующий с северо-северо-запада;4;
10.03.2019 7:00;-0,5;Ветер, дующий с севера;6;
10.03.2019 4:00;0,8;Ветер, дующий с севера;7;
10.03.2019 1:00;2,4;Ветер, дующий с севера;6;
09.03.2019 22:00;4,8;Ветер, дующий с севера;6;
09.03.2019 19:00;8,6;Ветер, дующий с севера;5;
09.03.2019 16:00;8,7;Ветер, дующий с юга;2;
09.03.2019 13:00;4,9;Ветер, дующий с юго-юго-востока;4;
09.03.2019 10:00;2,2;Ветер, дующий с юго-востока;4;Туман или ледяной туман или сильная мгла.
09.03.2019 7:00;1;Ветер, дующий с юго-юго-востока;9;
09.03.2019 4:00;0,9;Ветер, дующий с юго-востока;9;
09.03.2019 1:00;1;Ветер, дующий с юго-востока;6;
08.03.2019 22:00;2,7;Ветер, дующий с юго-юго-запада;8;
08.03.2019 19:00;4,6;Ветер, дующий с юга;6;
08.03.2019 16:00;7,2;Ветер, дующий с юга;6;
08.03.2019 13:00;6,9;Ветер, дующий с юга;3;
08.03.2019 10:00;1,1;Ветер, дующий с запада;1;
08.03.2019 7:00;0,3;Ветер, дующий с западо-северо-запада;4;
08.03.2019 4:00;0,9;Ветер, дующий с западо-северо-запада;4;
08.03.2019 1:00;-0,1;Ветер, дующий с запада;1;
07.03.2019 22:00;1;Ветер, дующий с севера;4;
07.03.2019 19:00;3,5;Ветер, дующий с севера;6;
07.03.2019 16:00;4,3;Ветер, дующий с севера;8;
07.03.2019 13:00;1,9;Ветер, дующий с севера;8;
07.03.2019 10:00;-2,3;Ветер, дующий с севера;4;
07.03.2019 7:00;-3,3;Ветер, дующий с севера;4;
07.03.2019 4:00;-2,6;Ветер, дующий с севера;4;
07.03.2019 1:00;-2,4;Ветер, дующий с севера;6;
06.03.2019 22:00;-1;Ветер, дующий с севера;5;
06.03.2019 19:00;2,6;Ветер, дующий с севера;6;
06.03.2019 16:00;4,2;Ветер, дующий с севера;10;Туман или ледяной туман или сильная мгла.
06.03.2019 13:00;1,2;Ветер, дующий с северо-северо-запада;10;Туман или ледяной туман или сильная мгла.
06.03.2019 10:00;-3,3;Ветер, дующий с севера;9;Туман или ледяной туман или сильная мгла.
06.03.2019 7:00;-1,7;Ветер, дующий с севера;6;Туман или ледяной туман или сильная мгла.
06.03.2019 4:00;-1;Ветер, дующий с северо-северо-запада;3;Туман или ледяной туман или сильная мгла.
06.03.2019 1:00;-0,4;Штиль, безветрие;0;Туман или ледяной туман или сильная мгла.
05.03.2019 22:00;-0,2;Ветер, дующий с юга;3;Туман или ледяной туман или сильная мгла.
05.03.2019 19:00;0,3;Ветер, дующий с юго-юго-востока;6;Туман или ледяной туман или сильная мгла.
05.03.2019 16:00;0,1;Ветер, дующий с юго-юго-востока;6;Туман или ледяной туман или сильная мгла.
05.03.2019 13:00;-0,9;Ветер, дующий с юго-юго-востока;4;Туман или ледяной туман или сильная мгла.
05.03.2019 10:00;-1,5;Ветер, дующий с юго-юго-востока;3;Туман или ледяной туман или сильная мгла.
05.03.2019 7:00;-1,9;Ветер, дующий с юга;3;Туман или ледяной туман или сильная мгла.
05.03.2019 4:00;-2,1;Ветер, дующий с юго-востока;3;Туман или ледяной туман или сильная мгла.
05.03.2019 1:00;-2,4;Ветер, дующий с юго-востока;4;Туман или ледяной туман или сильная мгла.
04.03.2019 22:00;-0,2;Ветер, дующий с юго-востока;4;
04.03.2019 19:00;4,4;Ветер, дующий с юго-юго-запада;1;
04.03.2019 16:00;6,6;Ветер, дующий с юго-запада;2;
04.03.2019 13:00;4,5;Ветер, дующий с северо-запада;1;
04.03.2019 10:00;-0,5;Ветер, дующий с севера;3;
04.03.2019 7:00;-0,7;Ветер, дующий с севера;7;
04.03.2019 4:00;1;Ветер, дующий с севера;7;
04.03.2019 1:00;3,8;Ветер, дующий с севера;5;
03.03.2019 22:00;3,8;Ветер, дующий с северо-северо-запада;5;
03.03.2019 19:00;8;Ветер, дующий с юга;2;
03.03.2019 16:00;9,3;Ветер, дующий с юга;2;
03.03.2019 13:00;6,6;Ветер, дующий с юго-юго-востока;2;
03.03.2019 10:00;0,9;Ветер, дующий с юго-востока;4;
03.03.2019 7:00;0,8;Ветер, дующий с юго-юго-востока;5;
03.03.2019 4:00;0,5;Ветер, дующий с юго-юго-востока;6;
03.03.2019 1:00;-0,5;Ветер, дующий с юго-востока;7;
02.03.2019 22:00;-0,2;Ветер, дующий с юга;6;
02.03.2019 19:00;1,8;Ветер, дующий с юга;6;
02.03.2019 16:00;5,3;Ветер, дующий с юго-юго-востока;7;
02.03.2019 13:00;4,7;Ветер, дующий с севера;1;
02.03.2019 10:00;0,7;Ветер, дующий с северо-северо-запада;2;Облака покрывали половину неба или менее в течение всего соответствующего периода.
02.03.2019 7:00;-1;Ветер, дующий с севера;3;
02.03.2019 4:00;-0,2;Ветер, дующий с севера;5;
02.03.2019 1:00;3,1;Ветер, дующий с северо-северо-запада;3;
01.03.2019 22:00;4,2;Ветер, дующий с северо-северо-запада;3;
01.03.2019 19:00;5,2;Ветер, дующий с севера;1;
01.03.2019 16:00;6,4;Ветер, дующий с юго-юго-востока;3;
01.03.2019 13:00;4,9;Ветер, дующий с северо-северо-запада;3;
01.03.2019 10:00;-0,7;Ветер, дующий с севера;4;
01.03.2019 7:00;-1,1;Ветер, дующий с северо-северо-запада;5;
01.03.2019 4:00;-1,1;Ветер, дующий с северо-северо-запада;3;
01.03.2019 1:00;-0,1;Ветер, дующий с юго-востока;3;
28.02.2019 22:00;0,9;Ветер, дующий с юга;5;
28.02.2019 19:00;2,4;Ветер, дующий с юга;2;
28.02.2019 16:00;5,1;Ветер, дующий с юга;4;
28.02.2019 13:00;2,8;Ветер, дующий с северо-северо-запада;4;
28.02.2019 10:00;0,2;Ветер, дующий с северо-северо-запада;3;
28.02.2019 7:00;-0,9;Ветер, дующий с юга;2;
28.02.2019 4:00;-0,2;Ветер, дующий с юго-востока;3;
28.02.2019 1:00;-0,4;Ветер, дующий с юго-юго-востока;5;
27.02.2019 22:00;-0,8;Ветер, дующий с юго-юго-востока;5;
27.02.2019 19:00;-1;Ветер, дующий с юго-юго-востока;7;
27.02.2019 16:00;1,4;Ветер, дующий с юго-юго-востока;7;Облака покрывали половину неба или менее в течение всего соответствующего периода.
27.02.2019 13:00;1,4;Ветер, дующий с юго-юго-востока;4;Облака покрывали половину неба или менее в течение всего соответствующего периода.
27.02.2019 10:00;-3,6;Ветер, дующий с юго-юго-востока;1;Облака покрывали половину неба или менее в течение всего соответствующего периода.
27.02.2019 7:00;-4,4;Ветер, дующий с северо-запада;1;
27.02.2019 4:00;-4,3;Ветер, дующий с севера;3;
27.02.2019 1:00;-2,7;Ветер, дующий с севера;3;
26.02.2019 22:00;-1,9;Ветер, дующий с севера;3;
26.02.2019 19:00;0,6;Ветер, дующий с севера;6;
26.02.2019 16:00;1,5;Ветер, дующий с северо-северо-запада;9;
26.02.2019 13:00;0,9;Ветер, дующий с северо-северо-запада;7;
26.02.2019 10:00;-2,4;Ветер, дующий с северо-северо-запада;5;
26.02.2019 7:00;-1,9;Ветер, дующий с западо-северо-запада;4;
26.02.2019 4:00;-1,3;Ветер, дующий с западо-северо-запада;2;
26.02.2019 1:00;-0,9;Ветер, дующий с севера;4;
25.02.2019 22:00;0,1;Ветер, дующий с северо-северо-запада;3;
25.02.2019 19:00;2,1;Ветер, дующий с севера;3;
25.02.2019 16:00;3,8;Ветер, дующий с северо-северо-запада;4;
25.02.2019 13:00;2,1;Ветер, дующий с северо-северо-запада;6;
25.02.2019 10:00;-1;Ветер, дующий с северо-запада;6;
25.02.2019 7:00;-1,6;Ветер, дующий с северо-северо-запада;5;
25.02.2019 4:00;0,2;Ветер, дующий с северо-северо-запада;9;
25.02.2019 1:00;1,8;Ветер, дующий с северо-северо-запада;7;
24.02.2019 22:00;4;Ветер, дующий с севера;6;
24.02.2019 19:00;6,7;Ветер, дующий с северо-северо-запада;2;
24.02.2019 16:00;9,3;Ветер, дующий с юго-юго-запада;8;
24.02.2019 13:00;5,3;Ветер, дующий с юго-запада;5;
24.02.2019 10:00;2;Ветер, дующий с юга;6;
24.02.2019 7:00;0,1;Ветер, дующий с юга;6;
24.02.2019 4:00;-0,6;Ветер, дующий с юго-юго-востока;6;
24.02.2019 1:00;-1;Ветер, дующий с юго-юго-востока;6;
23.02.2019 22:00;-0,1;Ветер, дующий с юга;6;
23.02.2019 19:00;0,6;Ветер, дующий с юго-юго-запада;3;
23.02.2019 16:00;4,2;Ветер, дующий с севера;6;
23.02.2019 13:00;1,1;Ветер, дующий с северо-северо-запада;5;
23.02.2019 10:00;-3,3;Ветер, дующий с северо-северо-запада;6;
23.02.2019 7:00;-3,8;Ветер, дующий с севера;4;
23.02.2019 4:00;0;Ветер, дующий с севера;8;
23.02.2019 1:00;1,1;Ветер, дующий с северо-северо-запада;8;
22.02.2019 22:00;2,8;Ветер, дующий с северо-запада;3;
22.02.2019 19:00;3,9;Ветер, дующий с западо-юго-запада;1;
22.02.2019 16:00;6,7;Ветер, дующий с северо-северо-запада;5;
22.02.2019 13:00;4,7;Ветер, дующий с севера;5;
22.02.2019 10:00;0,4;Ветер, дующий с северо-северо-запада;3;
22.02.2019 7:00;0,4;Ветер, дующий с западо-северо-запада;3;
22.02.2019 4:00;1,6;Ветер, дующий с западо-северо-запада;4;
22.02.2019 1:00;0,4;Ветер, дующий с северо-запада;2;
21.02.2019 22:00;2,9;Ветер, дующий с юга;2;
21.02.2019 19:00;3,5;Ветер, дующий с юга;3;
21.02.2019 16:00;5,9;Ветер, дующий с севера;1;
21.02.2019 13:00;2,6;Ветер, дующий с западо-юго-запада;2;
21.02.2019 10:00;-1,1;Ветер, дующий с северо-запада;2;
21.02.2019 7:00;-2,1;Ветер, дующий с северо-запада;5;
21.02.2019 4:00;-1,6;Ветер, дующий с северо-запада;4;
21.02.2019 1:00;-0,5;Ветер, дующий с северо-северо-запада;4;
20.02.2019 22:00;-0,9;Ветер, дующий с северо-северо-запада;4;
20.02.2019 19:00;1,3;Ветер, дующий с севера;6;
20.02.2019 16:00;1,7;Ветер, дующий с севера;8;
20.02.2019 13:00;-0,1;Ветер, дующий с севера;9;
20.02.2019 10:00;-2,3;Ветер, дующий с северо-северо-запада;7;
20.02.2019 7:00;-2,3;Ветер, дующий с севера;8;
20.02.2019 4:00;-0,9;Ветер, дующий с севера;6;
20.02.2019 1:00;-0,1;Ветер, дующий с северо-северо-запада;4;
19.02.2019 22:00;-0,9;Ветер, дующий с северо-запада;3;Снег и/или другие виды твердых осадков
19.02.2019 19:00;1;Ветер, дующий с севера;2;
19.02.2019 16:00;0,4;Ветер, дующий с севера;1;
19.02.2019 13:00;-0,1;Ветер, дующий с северо-северо-запада;2;
19.02.2019 10:00;-0,5;Штиль, безветрие;0;
19.02.2019 7:00;-1,8;Ветер, дующий с востоко-юго-востока;3;
19.02.2019 4:00;-1,5;Ветер, дующий с юго-востока;5;
19.02.2019 1:00;-1,8;Ветер, дующий с юго-юго-востока;6;
18.02.2019 22:00;-0,5;Ветер, дующий с юга;5;
18.02.2019 19:00;0,4;Ветер, дующий с юго-юго-запада;7;
18.02.2019 16:00;2,7;Ветер, дующий с юго-юго-востока;5;
18.02.2019 13:00;2,2;Ветер, дующий с юго-юго-востока;3;
18.02.2019 10:00;-1,1;Ветер, дующий с юга;2;
18.02.2019 7:00;-2,2;Ветер, дующий с западо-северо-запада;3;
18.02.2019 4:00;-2,6;Ветер, дующий с северо-северо-запада;6;
18.02.2019 1:00;-1,7;Ветер, дующий с северо-северо-запада;7;
17.02.2019 22:00;1;Ветер, дующий с северо-запада;7;
17.02.2019 19:00;0,3;Ветер, дующий с юга;2;
17.02.2019 16:00;1,3;Ветер, дующий с юго-востока;5;
17.02.2019 13:00;-1,1;Ветер, дующий с юго-юго-востока;3;
17.02.2019 10:00;-5,6;Ветер, дующий с запада;3;
17.02.2019 7:00;-6,4;Ветер, дующий с запада;4;
17.02.2019 4:00;-6,4;Ветер, дующий с северо-северо-запада;4;
17.02.2019 1:00;-4,5;Ветер, дующий с северо-запада;5;
16.02.2019 22:00;-3,6;Ветер, дующий с северо-запада;6;
16.02.2019 19:00;-2,9;Ветер, дующий с севера;5;
16.02.2019 16:00;-2;Ветер, дующий с северо-северо-запада;7;
16.02.2019 13:00;-5,2;Ветер, дующий с северо-северо-запада;8;
16.02.2019 10:00;-9,4;Ветер, дующий с северо-северо-запада;5;
16.02.2019 7:00;-9;Ветер, дующий с северо-северо-запада;6;
16.02.2019 4:00;-8,3;Ветер, дующий с северо-северо-запада;7;
16.02.2019 1:00;-7,3;Ветер, дующий с севера;6;
15.02.2019 22:00;-6,4;Ветер, дующий с севера;5;Снег и/или другие виды твердых осадков
15.02.2019 19:00;-5,3;Ветер, дующий с северо-северо-запада;2;Снег и/или другие виды твердых осадков
15.02.2019 16:00;-6,3;Ветер, дующий с северо-северо-запада;3;Снег и/или другие виды твердых осадков
15.02.2019 13:00;-7;Ветер, дующий с севера;1;Снег и/или другие виды твердых осадков
15.02.2019 10:00;-5,9;Ветер, дующий с востоко-северо-востока;2;
15.02.2019 7:00;-6,3;Ветер, дующий с востоко-северо-востока;2;
15.02.2019 4:00;-6,6;Штиль, безветрие;0;
15.02.2019 1:00;-7,7;Ветер, дующий с юга;2;
14.02.2019 22:00;-5,7;Ветер, дующий с юга;2;
14.02.2019 19:00;-6,7;Ветер, дующий с востоко-юго-востока;4;
14.02.2019 16:00;-4,1;Ветер, дующий с юга;5;
14.02.2019 13:00;-6,3;Ветер, дующий с севера;2;
14.02.2019 10:00;-9,6;Ветер, дующий с северо-запада;2;
14.02.2019 7:00;-10,9;Ветер, дующий с северо-северо-запада;3;
14.02.2019 4:00;-10;Ветер, дующий с северо-северо-запада;3;
14.02.2019 1:00;-9,1;Ветер, дующий с северо-северо-запада;3;
13.02.2019 22:00;-8,4;Ветер, дующий с севера;4;
13.02.2019 19:00;-6,9;Ветер, дующий с северо-северо-запада;7;
13.02.2019 16:00;-6,7;Ветер, дующий с севера;8;
13.02.2019 13:00;-6,7;Ветер, дующий с севера;8;
13.02.2019 10:00;-12,9;Ветер, дующий с северо-северо-запада;2;
13.02.2019 7:00;-13,2;Ветер, дующий с западо-северо-запада;3;
13.02.2019 4:00;-12,6;Ветер, дующий с северо-северо-запада;6;
13.02.2019 1:00;-11,9;Ветер, дующий с северо-северо-запада;4;
12.02.2019 22:00;-9,6;Ветер, дующий с северо-северо-запада;3;
12.02.2019 19:00;-8,6;Ветер, дующий с севера;4;
12.02.2019 16:00;-8,3;Ветер, дующий с северо-северо-запада;7;
12.02.2019 13:00;-10,1;Ветер, дующий с северо-северо-запада;10;
12.02.2019 10:00;-12,6;Ветер, дующий с северо-запада;6;
12.02.2019 7:00;-12,8;Ветер, дующий с северо-северо-запада;7;
12.02.2019 4:00;-11,2;Ветер, дующий с северо-северо-запада;4;
12.02.2019 1:00;-10,3;Ветер, дующий с юго-юго-запада;1;
11.02.2019 22:00;-10;Ветер, дующий с северо-северо-запада;3;
11.02.2019 19:00;-8,8;Ветер, дующий с севера;5;
11.02.2019 16:00;-7,5;Ветер, дующий с севера;5;
11.02.2019 13:00;-9;Ветер, дующий с севера;5;
11.02.2019 10:00;-11,4;Ветер, дующий с севера;4;
11.02.2019 7:00;-11,7;Ветер, дующий с севера;4;
11.02.2019 4:00;-10,4;Ветер, дующий с севера;2;
11.02.2019 1:00;-8,7;Ветер, дующий с востоко-юго-востока;3;
10.02.2019 22:00;-8,2;Ветер, дующий с юга;3;
10.02.2019 19:00;-8,1;Ветер, дующий с севера;2;
10.02.2019 16:00;-6,8;Ветер, дующий с севера;6;
10.02.2019 13:00;-9,1;Ветер, дующий с севера;6;
10.02.2019 10:00;-12,5;Ветер, дующий с западо-северо-запада;5;
10.02.2019 7:00;-12,7;Ветер, дующий с северо-запада;2;
10.02.2019 4:00;-12,2;Ветер, дующий с северо-северо-запада;4;
10.02.2019 1:00;-11,8;Ветер, дующий с северо-северо-запада;5;
09.02.2019 22:00;-10,6;Ветер, дующий с северо-северо-запада;8;
09.02.2019 19:00;-9,8;Ветер, дующий с северо-северо-запада;7;
09.02.2019 16:00;-9,8;Ветер, дующий с северо-северо-запада;8;
09.02.2019 13:00;-12,1;Ветер, дующий с северо-северо-запада;7;
09.02.2019 10:00;-15,9;Ветер, дующий с северо-северо-запада;3;
09.02.2019 7:00;-16,7;Ветер, дующий с северо-северо-запада;4;
09.02.2019 4:00;-15,9;Ветер, дующий с севера;4;
09.02.2019 1:00;-14,2;Ветер, дующий с севера;6;
08.02.2019 22:00;-13,3;Ветер, дующий с севера;3;
08.02.2019 19:00;-12;Ветер, дующий с севера;4;
08.02.2019 16:00;-12;Ветер, дующий с северо-северо-запада;5;
08.02.2019 13:00;-14,6;Ветер, дующий с северо-северо-запада;9;
08.02.2019 10:00;-17,5;Ветер, дующий с северо-северо-запада;7;
08.02.2019 7:00;-18,3;Ветер, дующий с западо-северо-запада;5;
08.02.2019 4:00;-18,3;Ветер, дующий с северо-запада;8;
08.02.2019 1:00;-19;Ветер, дующий с северо-северо-запада;6;
07.02.2019 22:00;-18,2;Ветер, дующий с севера;5;
07.02.2019 19:00;-14,5;Ветер, дующий с северо-северо-запада;10;
07.02.2019 16:00;-13,2;Ветер, дующий с северо-северо-запада;8;
07.02.2019 13:00;-15,3;Ветер, дующий с севера;7;
07.02.2019 10:00;-19,4;Ветер, дующий с северо-северо-запада;8;
07.02.2019 7:00;-19;Ветер, дующий с севера;8;
07.02.2019 4:00;-17;Ветер, дующий с севера;11;
07.02.2019 1:00;-12;Ветер, дующий с севера;3;
06.02.2019 22:00;-11,6;Ветер, дующий с севера;3;Снег и/или другие виды твердых осадков
06.02.2019 19:00;-11,9;Ветер, дующий с северо-северо-запада;5;Снег и/или другие виды твердых осадков
06.02.2019 16:00;-11,9;Ветер, дующий с севера;8;Снег и/или другие виды твердых осадков
06.02.2019 13:00;-12,7;Ветер, дующий с севера;8;
06.02.2019 10:00;-15,3;Ветер, дующий с севера;7;
06.02.2019 7:00;-14,5;Ветер, дующий с севера;7;
06.02.2019 4:00;-12,2;Ветер, дующий с севера;7;
06.02.2019 1:00;-10,8;Ветер, дующий с севера;6;
05.02.2019 22:00;-8,8;Ветер, дующий с севера;7;
05.02.2019 19:00;-6,8;Ветер, дующий с севера;7;
05.02.2019 16:00;-3,7;Ветер, дующий с севера;6;
05.02.2019 13:00;-5,7;Ветер, дующий с юго-запада;4;
05.02.2019 10:00;-10,3;Ветер, дующий с юго-юго-востока;4;Снег и/или другие виды твердых осадков
05.02.2019 7:00;-13,6;Ветер, дующий с востока;1;
05.02.2019 4:00;-11,6;Ветер, дующий с востока;2;
05.02.2019 1:00;-11;Ветер, дующий с северо-востока;3;
04.02.2019 22:00;-11,4;Ветер, дующий с севера;2;
04.02.2019 19:00;-9,8;Ветер, дующий с севера;3;
04.02.2019 16:00;-8,4;Ветер, дующий с северо-северо-запада;6;
04.02.2019 13:00;-10,8;Ветер, дующий с северо-северо-запада;6;
04.02.2019 10:00;-12,3;Ветер, дующий с северо-северо-запада;9;
04.02.2019 7:00;-10,8;Ветер, дующий с северо-северо-запада;13;
04.02.2019 4:00;-7,5;Ветер, дующий с северо-северо-запада;13;
04.02.2019 1:00;-3,1;Ветер, дующий с севера;12;
03.02.2019 22:00;-2,4;Ветер, дующий с северо-северо-запада;6;
03.02.2019 19:00;-2,1;Ветер, дующий с юго-юго-востока;5;
03.02.2019 16:00;0,6;Ветер, дующий с юго-юго-востока;6;
03.02.2019 13:00;-2;Ветер, дующий с юго-запада;2;
03.02.2019 10:00;-2,7;Ветер, дующий с юго-юго-востока;1;
03.02.2019 7:00;-4,6;Ветер, дующий с севера;3;
03.02.2019 4:00;-5,4;Ветер, дующий с севера;2;
03.02.2019 1:00;-4,5;Ветер, дующий с востока;1;
02.02.2019 22:00;-5,3;Ветер, дующий с юго-юго-востока;4;
02.02.2019 19:00;-4,2;Ветер, дующий с юго-юго-востока;5;
02.02.2019 16:00;-2,9;Ветер, дующий с юга;2;
02.02.2019 13:00;-6,4;Ветер, дующий с северо-востока;1;
02.02.2019 10:00;-12,6;Ветер, дующий с севера;3;
02.02.2019 7:00;-8,9;Ветер, дующий с севера;5;
02.02.2019 4:00;-7,6;Ветер, дующий с севера;5;
02.02.2019 1:00;-6,3;Ветер, дующий с севера;4;
01.02.2019 22:00;-5,1;Ветер, дующий с запада;3;
01.02.2019 19:00;-7,1;Ветер, дующий с юго-юго-востока;4;
01.02.2019 16:00;-6,7;Ветер, дующий с юго-юго-востока;4;
01.02.2019 13:00;-8,1;Ветер, дующий с юга;4;
01.02.2019 10:00;-10,7;Штиль, безветрие;0;
01.02.2019 7:00;-12,3;Ветер, дующий с северо-северо-запада;2;
01.02.2019 4:00;-12,4;Ветер, дующий с северо-запада;4;
01.02.2019 1:00;-12,9;Ветер, дующий с северо-северо-запада;2;
31.01.2019 22:00;-12;Ветер, дующий с севера;4;
31.01.2019 19:00;-10,7;Ветер, дующий с севера;7;
31.01.2019 16:00;-9,4;Ветер, дующий с северо-северо-запада;11;
31.01.2019 13:00;-11,7;Ветер, дующий с северо-северо-запада;9;
31.01.2019 10:00;-13,7;Ветер, дующий с северо-северо-запада;6;
31.01.2019 7:00;-12,7;Ветер, дующий с северо-северо-запада;6;
31.01.2019 4:00;-11,5;Ветер, дующий с северо-северо-запада;7;
31.01.2019 1:00;-9,4;Ветер, дующий с северо-запада;11;
30.01.2019 22:00;-3,9;Ветер, дующий с северо-запада;9;
30.01.2019 19:00;1,2;Ветер, дующий с западо-северо-запада;12;
30.01.2019 16:00;2,5;Ветер, дующий с юго-запада;8;Туман или ледяной туман или сильная мгла.
30.01.2019 13:00;1,9;Ветер, дующий с юго-юго-запада;7;Туман или ледяной туман или сильная мгла.
30.01.2019 10:00;-1,3;Ветер, дующий с юга;6;Туман или ледяной туман или сильная мгла.
30.01.2019 7:00;-3;Ветер, дующий с юго-востока;8;
30.01.2019 4:00;-3,2;Ветер, дующий с юго-востока;8;
30.01.2019 1:00;-3,4;Ветер, дующий с юго-юго-востока;7;
29.01.2019 22:00;-5;Ветер, дующий с юга;6;
29.01.2019 19:00;-5,4;Ветер, дующий с юга;3;
29.01.2019 16:00;-3;Ветер, дующий с севера;2;
29.01.2019 13:00;-6,9;Ветер, дующий с севера;6;
29.01.2019 10:00;-9,4;Ветер, дующий с севера;5;
29.01.2019 7:00;-9,6;Ветер, дующий с севера;7;
29.01.2019 4:00;-8,7;Ветер, дующий с севера;6;
29.01.2019 1:00;-7,3;Ветер, дующий с севера;8;
28.01.2019 22:00;-5,7;Ветер, дующий с северо-северо-запада;9;
28.01.2019 19:00;-3,6;Ветер, дующий с северо-северо-запада;10;
28.01.2019 16:00;-1,9;Ветер, дующий с северо-северо-запада;8;
28.01.2019 13:00;-3,4;Ветер, дующий с северо-северо-запада;9;
28.01.2019 10:00;-4,4;Ветер, дующий с северо-северо-запада;5;
28.01.2019 7:00;-4,2;Ветер, дующий с северо-северо-запада;6;
28.01.2019 4:00;-2,4;Ветер, дующий с запада;1;
28.01.2019 1:00;-2,8;Ветер, дующий с юго-востока;2;
27.01.2019 22:00;-3,1;Ветер, дующий с востоко-юго-востока;4;
27.01.2019 19:00;-3,3;Ветер, дующий с юго-юго-востока;6;
27.01.2019 16:00;-4,3;Ветер, дующий с юго-юго-востока;6;
27.01.2019 13:00;-3,6;Ветер, дующий с юго-юго-востока;4;
27.01.2019 10:00;-7,1;Ветер, дующий с востоко-юго-востока;2;
27.01.2019 7:00;-9,2;Ветер, дующий с севера;3;
27.01.2019 4:00;-10,6;Ветер, дующий с севера;5;
27.01.2019 1:00;-8,9;Ветер, дующий с севера;4;
26.01.2019 22:00;-7,2;Ветер, дующий с севера;5;
26.01.2019 19:00;-5,1;Ветер, дующий с севера;8;
26.01.2019 16:00;-4,7;Ветер, дующий с северо-северо-запада;11;
26.01.2019 13:00;-7;Ветер, дующий с севера;10;
26.01.2019 10:00;-10,5;Ветер, дующий с севера;8;
26.01.2019 7:00;-9,7;Ветер, дующий с северо-северо-запада;9;
26.01.2019 4:00;-9,9;Ветер, дующий с севера;8;
26.01.2019 1:00;-9,2;Ветер, дующий с севера;9;
25.01.2019 22:00;-9,7;Ветер, дующий с севера;6;
25.01.2019 19:00;-8,3;Ветер, дующий с севера;7;
25.01.2019 16:00;-7,1;Ветер, дующий с севера;10;
25.01.2019 13:00;-9,2;Ветер, дующий с северо-северо-запада;8;
25.01.2019 10:00;-10,8;Ветер, дующий с севера;6;
25.01.2019 7:00;-11,4;Ветер, дующий с севера;4;
25.01.2019 4:00;-11,9;Ветер, дующий с севера;5;
25.01.2019 1:00;-11,3;Ветер, дующий с севера;4;
24.01.2019 22:00;-9;Ветер, дующий с севера;3;
24.01.2019 19:00;-7,3;Ветер, дующий с севера;6;
24.01.2019 16:00;-6,9;Ветер, дующий с севера;7;
24.01.2019 13:00;-9,3;Ветер, дующий с севера;6;
24.01.2019 10:00;-12,1;Ветер, дующий с севера;6;
24.01.2019 7:00;-11,7;Ветер, дующий с северо-северо-запада;7;
24.01.2019 4:00;-10,7;Ветер, дующий с северо-северо-запада;10;
24.01.2019 1:00;-9,6;Ветер, дующий с севера;7;
23.01.2019 22:00;-8,8;Ветер, дующий с северо-северо-запада;7;
23.01.2019 19:00;-6,6;Ветер, дующий с севера;8;
23.01.2019 16:00;-5,2;Ветер, дующий с северо-северо-запада;11;
23.01.2019 13:00;-5,2;Ветер, дующий с севера;7;
23.01.2019 10:00;-8,3;Ветер, дующий с северо-северо-запада;5;
23.01.2019 7:00;-5,4;Ветер, дующий с северо-северо-запада;6;
23.01.2019 4:00;-3,3;Ветер, дующий с западо-северо-запада;9;
23.01.2019 1:00;-3,8;Ветер, дующий с северо-запада;4;
22.01.2019 22:00;-4,5;Ветер, дующий с юго-юго-востока;6;
22.01.2019 19:00;-5,6;Ветер, дующий с юго-юго-востока;7;
22.01.2019 16:00;-5,3;Ветер, дующий с юго-юго-востока;5;
22.01.2019 13:00;-5,6;Ветер, дующий с юга;2;
22.01.2019 10:00;-9,4;Ветер, дующий с северо-северо-востока;2;
22.01.2019 7:00;-10,1;Ветер, дующий с севера;4;
22.01.2019 4:00;-10,5;Ветер, дующий с северо-северо-запада;4;
22.01.2019 1:00;-10,7;Ветер, дующий с северо-северо-запада;4;
21.01.2019 22:00;-8,8;Ветер, дующий с севера;3;
21.01.2019 19:00;-7,8;Ветер, дующий с севера;3;
21.01.2019 16:00;-6;Штиль, безветрие;0;
21.01.2019 13:00;-8,5;Ветер, дующий с севера;1;
21.01.2019 10:00;-10,9;Ветер, дующий с севера;3;
21.01.2019 7:00;-11;Ветер, дующий с севера;3;
21.01.2019 4:00;-11,2;Ветер, дующий с северо-запада;3;
21.01.2019 1:00;-10,8;Ветер, дующий с северо-северо-запада;4;
20.01.2019 22:00;-10,2;Ветер, дующий с северо-северо-запада;6;
20.01.2019 19:00;-9,4;Ветер, дующий с северо-северо-запада;9;
20.01.2019 16:00;-8,1;Ветер, дующий с севера;10;
20.01.2019 13:00;-7,8;Ветер, дующий с северо-северо-запада;12;
20.01.2019 10:00;-9,3;Ветер, дующий с северо-запада;2;
20.01.2019 7:00;-8,9;Ветер, дующий с севера;4;
20.01.2019 4:00;-7,8;Ветер, дующий с севера;8;
20.01.2019 1:00;-8,6;Ветер, дующий с севера;4;
19.01.2019 22:00;-6,5;Ветер, дующий с северо-запада;2;
19.01.2019 19:00;-6,9;Ветер, дующий с юго-юго-востока;2;
19.01.2019 16:00;-4,3;Ветер, дующий с юга;3;
19.01.2019 13:00;-8;Ветер, дующий с юго-юго-запада;3;
19.01.2019 10:00;-12,9;Ветер, дующий с севера;3;
19.01.2019 7:00;-13,3;Ветер, дующий с севера;4;
19.01.2019 4:00;-11,2;Ветер, дующий с севера;3;
19.01.2019 1:00;-10,5;Ветер, дующий с севера;5;
18.01.2019 22:00;-9;Ветер, дующий с севера;4;
18.01.2019 19:00;-8,7;Ветер, дующий с севера;5;
18.01.2019 16:00;-8;Ветер, дующий с севера;6;
18.01.2019 13:00;-10,6;Ветер, дующий с севера;6;
18.01.2019 10:00;-14,8;Ветер, дующий с севера;5;
18.01.2019 7:00;-15,6;Ветер, дующий с севера;6;
18.01.2019 4:00;-15,8;Ветер, дующий с севера;8;
18.01.2019 1:00;-15,8;Ветер, дующий с севера;8;
17.01.2019 22:00;-16;Ветер, дующий с севера;7;
17.01.2019 19:00;-13,8;Ветер, дующий с севера;8;
17.01.2019 16:00;-13,4;Ветер, дующий с севера;8;
17.01.2019 13:00;-14,3;Ветер, дующий с северо-северо-запада;11;
17.01.2019 10:00;-14,1;Ветер, дующий с северо-северо-запада;12;
17.01.2019 7:00;-13,2;Ветер, дующий с северо-северо-запада;6;
17.01.2019 4:00;-11,7;Ветер, дующий с севера;7;
17.01.2019 1:00;-8,3;Ветер, дующий с северо-северо-запада;11;
16.01.2019 22:00;-7;Ветер, дующий с западо-северо-запада;6;
16.01.2019 19:00;-6,3;Ветер, дующий с западо-юго-запада;4;
16.01.2019 16:00;-6,6;Ветер, дующий с юго-юго-запада;6;
16.01.2019 13:00;-10,4;Ветер, дующий с юго-юго-востока;5;
16.01.2019 10:00;-13,5;Ветер, дующий с севера;1;
16.01.2019 7:00;-15;Ветер, дующий с севера;4;
16.01.2019 4:00;-14,7;Ветер, дующий с севера;5;
16.01.2019 1:00;-13,2;Ветер, дующий с северо-северо-запада;8;
15.01.2019 22:00;-11,1;Ветер, дующий с северо-северо-запада;6;Снег и/или другие виды твердых осадков
15.01.2019 19:00;-9,4;Ветер, дующий с севера;8;Снег и/или другие виды твердых осадков
15.01.2019 16:00;-7,2;Ветер, дующий с севера;8;Снег и/или другие виды твердых осадков
15.01.2019 13:00;-8,2;Ветер, дующий с севера;8;Снег и/или другие виды твердых осадков
15.01.2019 10:00;-8,7;Ветер, дующий с северо-северо-запада;7;Снег и/или другие виды твердых осадков
15.01.2019 7:00;-7,7;Ветер, дующий с севера;6;
15.01.2019 4:00;-6,8;Ветер, дующий с севера;3;
15.01.2019 1:00;-4,6;Ветер, дующий с севера;2;
14.01.2019 22:00;-4,6;Штиль, безветрие;0;
14.01.2019 19:00;-4,2;Ветер, дующий с запада;1;
14.01.2019 16:00;-2,1;Ветер, дующий с востока;1;
14.01.2019 13:00;-5,4;Ветер, дующий с севера;3;
14.01.2019 10:00;-8,5;Ветер, дующий с севера;5;
14.01.2019 7:00;-5,8;Ветер, дующий с севера;3;
14.01.2019 4:00;-4,9;Штиль, безветрие;0;
14.01.2019 1:00;-3,6;Ветер, дующий с юго-востока;4;
13.01.2019 22:00;-3,7;Ветер, дующий с юга;3;
13.01.2019 19:00;-3,8;Ветер, дующий с юго-юго-востока;3;
13.01.2019 16:00;-1;Ветер, дующий с юго-юго-востока;3;
13.01.2019 13:00;-2,4;Ветер, дующий с юго-юго-востока;2;
13.01.2019 10:00;-8,1;Ветер, дующий с северо-востока;1;
13.01.2019 7:00;-7,6;Ветер, дующий с севера;2;
13.01.2019 4:00;-7,7;Ветер, дующий с севера;4;
13.01.2019 1:00;-6,3;Ветер, дующий с севера;3;
12.01.2019 22:00;-4,7;Ветер, дующий с севера;5;
12.01.2019 19:00;-4,1;Ветер, дующий с севера;5;
12.01.2019 16:00;-2,6;Ветер, дующий с севера;3;
12.01.2019 13:00;-7;Ветер, дующий с севера;3;
12.01.2019 10:00;-10,3;Ветер, дующий с севера;6;
12.01.2019 7:00;-8,5;Ветер, дующий с севера;5;
12.01.2019 4:00;-8,5;Ветер, дующий с севера;3;
12.01.2019 1:00;-7,4;Ветер, дующий с севера;2;
11.01.2019 22:00;-6;Ветер, дующий с севера;2;
11.01.2019 19:00;-6,3;Ветер, дующий с северо-северо-запада;1;
11.01.2019 16:00;-4;Ветер, дующий с северо-северо-запада;3;
11.01.2019 13:00;-6,4;Ветер, дующий с северо-северо-запада;4;
11.01.2019 10:00;-9,5;Ветер, дующий с севера;3;
11.01.2019 7:00;-9,3;Ветер, дующий с севера;5;
11.01.2019 4:00;-9,4;Ветер, дующий с севера;5;
11.01.2019 1:00;-8;Ветер, дующий с севера;4;
10.01.2019 22:00;-5,3;Ветер, дующий с севера;7;
10.01.2019 19:00;-2,3;Ветер, дующий с северо-северо-запада;9;
10.01.2019 16:00;-0,9;Ветер, дующий с северо-северо-запада;5;
10.01.2019 13:00;-3,2;Ветер, дующий с северо-северо-запада;2;
10.01.2019 10:00;-6,2;Ветер, дующий с северо-северо-запада;5;
10.01.2019 7:00;-3,9;Ветер, дующий с западо-северо-запада;4;
10.01.2019 4:00;-4;Штиль, безветрие;0;
10.01.2019 1:00;-2,6;Ветер, дующий с запада;5;
09.01.2019 22:00;-2,5;Ветер, дующий с юго-запада;6;
09.01.2019 19:00;-2,7;Ветер, дующий с юго-запада;6;
09.01.2019 16:00;-2,7;Ветер, дующий с юго-юго-запада;10;
09.01.2019 13:00;-8,1;Ветер, дующий с юга;5;
09.01.2019 10:00;-10,6;Ветер, дующий с юга;4;
09.01.2019 7:00;-12,1;Ветер, дующий с юго-юго-востока;3;
09.01.2019 4:00;-13;Ветер, дующий с севера;3;
09.01.2019 1:00;-12,2;Ветер, дующий с северо-северо-запада;5;
08.01.2019 22:00;-10,4;Ветер, дующий с севера;6;
08.01.2019 19:00;-9,1;Ветер, дующий с северо-северо-запада;9;
08.01.2019 16:00;-7,1;Ветер, дующий с северо-северо-запада;9;
08.01.2019 13:00;-9;Ветер, дующий с северо-северо-запада;3;
08.01.2019 10:00;-12,4;Ветер, дующий с севера;3;
08.01.2019 7:00;-12,3;Ветер, дующий с севера;3;
08.01.2019 4:00;-11;Ветер, дующий с северо-северо-запада;4;
08.01.2019 1:00;-10,7;Ветер, дующий с севера;4;
07.01.2019 22:00;-9,4;Ветер, дующий с северо-северо-запада;3;
07.01.2019 19:00;-8,4;Ветер, дующий с севера;2;
07.01.2019 16:00;-7,4;Ветер, дующий с севера;3;
07.01.2019 13:00;-9,6;Ветер, дующий с севера;5;
07.01.2019 10:00;-13,5;Ветер, дующий с севера;3;
07.01.2019 7:00;-13,2;Ветер, дующий с севера;7;
07.01.2019 4:00;-12;Ветер, дующий с севера;3;
07.01.2019 1:00;-11,2;Ветер, дующий с севера;4;
06.01.2019 22:00;-9,8;Ветер, дующий с севера;5;
06.01.2019 19:00;-9,1;Ветер, дующий с севера;5;
06.01.2019 16:00;-8,2;Ветер, дующий с севера;7;
06.01.2019 13:00;-10,2;Ветер, дующий с севера;8;
06.01.2019 10:00;-13,2;Ветер, дующий с севера;8;
06.01.2019 7:00;-13,2;Ветер, дующий с севера;8;
06.01.2019 4:00;-12,2;Ветер, дующий с севера;7;
06.01.2019 1:00;-11,1;Ветер, дующий с севера;7;
05.01.2019 22:00;-9,8;Ветер, дующий с севера;7;
05.01.2019 19:00;-8,5;Ветер, дующий с севера;8;
05.01.2019 16:00;-7,4;Ветер, дующий с севера;7;
05.01.2019 13:00;-9,2;Ветер, дующий с северо-северо-запада;6;
05.01.2019 10:00;-10,4;Ветер, дующий с северо-северо-запада;5;
05.01.2019 7:00;-10,4;Ветер, дующий с северо-северо-запада;7;
05.01.2019 4:00;-10,6;Ветер, дующий с северо-северо-запада;4;
05.01.2019 1:00;-7,2;Ветер, дующий с северо-северо-запада;7;
04.01.2019 22:00;-5,4;Ветер, дующий с северо-северо-запада;10;
04.01.2019 19:00;-3,9;Ветер, дующий с северо-северо-запада;3;
04.01.2019 16:00;-3,3;Ветер, дующий с юго-запада;4;
04.01.2019 13:00;-5,5;Ветер, дующий с юга;4;
04.01.2019 10:00;-9,6;Ветер, дующий с юго-юго-востока;2;
04.01.2019 7:00;-8,6;Ветер, дующий с востоко-юго-востока;1;
04.01.2019 4:00;-8,8;Ветер, дующий с севера;2;
04.01.2019 1:00;-9,5;Ветер, дующий с севера;4;
03.01.2019 22:00;-8,3;Ветер, дующий с севера;5;
03.01.2019 19:00;-7;Ветер, дующий с севера;5;
03.01.2019 16:00;-6,4;Ветер, дующий с севера;7;
03.01.2019 13:00;-8,7;Ветер, дующий с севера;7;
03.01.2019 10:00;-11,6;Ветер, дующий с севера;6;
03.01.2019 7:00;-12,2;Ветер, дующий с севера;6;
03.01.2019 4:00;-11,6;Ветер, дующий с севера;5;
03.01.2019 1:00;-11,1;Ветер, дующий с севера;5;
02.01.2019 22:00;-9,7;Ветер, дующий с северо-северо-запада;8;
02.01.2019 19:00;-8,7;Ветер, дующий с севера;8;
02.01.2019 16:00;-7,7;Ветер, дующий с севера;6;
02.01.2019 13:00;-9,4;Ветер, дующий с северо-северо-запада;7;
02.01.2019 10:00;-11,2;Ветер, дующий с северо-северо-запада;7;
02.01.2019 7:00;-11,3;Ветер, дующий с северо-северо-запада;6;
02.01.2019 4:00;-10,6;Ветер, дующий с севера;5;
02.01.2019 1:00;-10,2;Ветер, дующий с севера;3;
01.01.2019 22:00;-8,9;Ветер, дующий с севера;6;
01.01.2019 19:00;-8,7;Ветер, дующий с западо-северо-запада;2;
01.01.2019 16:00;-6,3;Ветер, дующий с севера;1;
01.01.2019 13:00;-9,6;Ветер, дующий с северо-северо-запада;2;
01.01.2019 10:00;-14,1;Ветер, дующий с северо-северо-запада;6;
01.01.2019 7:00;-14,8;Ветер, дующий с севера;4;
01.01.2019 4:00;-14,1;Ветер, дующий с севера;5;
01.01.2019 1:00;-12,6;Ветер, дующий с севера;5;
