13.07.2019 15:00;27,7;Ветер, дующий с востоко-северо-востока;4;
13.07.2019 12:00;26,2;Ветер, дующий с северо-востока;3;
13.07.2019 9:00;23,2;Ветер, дующий с северо-востока;2;
13.07.2019 6:00;15,1;Ветер, дующий с северо-северо-востока;1;
13.07.2019 3:00;13,7;Штиль, безветрие;0;
13.07.2019 0:00;16,6;Штиль, безветрие;0;
12.07.2019 21:00;22,3;Ветер, дующий с востоко-северо-востока;1;
12.07.2019 18:00;25,6;Ветер, дующий с востока;3;
12.07.2019 15:00;26,6;Ветер, дующий с востоко-юго-востока;3;
12.07.2019 12:00;25,2;Ветер, дующий с востоко-юго-востока;4;
12.07.2019 9:00;21,9;Ветер, дующий с юго-юго-востока;2;
12.07.2019 6:00;18,7;Ветер, дующий с юго-юго-востока;3;
12.07.2019 3:00;19,3;Ветер, дующий с юго-востока;3;
12.07.2019 0:00;20,7;Ветер, дующий с юго-востока;2;
11.07.2019 21:00;23,8;Ветер, дующий с юго-востока;3;
11.07.2019 18:00;27,9;Ветер, дующий с юга;2;
11.07.2019 15:00;27,1;Ветер, дующий с юга;3;
11.07.2019 12:00;25,8;Ветер, дующий с юга;3;
11.07.2019 9:00;21,6;Ветер, дующий с юга;3;
11.07.2019 6:00;17,1;Ветер, дующий с юго-юго-востока;1;
11.07.2019 3:00;13;Ветер, дующий с юго-востока;1;
11.07.2019 0:00;14,6;Штиль, безветрие;0;
10.07.2019 21:00;21,5;Штиль, безветрие;0;
10.07.2019 18:00;23,9;Ветер, дующий с запада;2;
10.07.2019 15:00;23,3;Ветер, дующий с запада;2;
10.07.2019 12:00;21,6;Ветер, дующий с юго-запада;1;
10.07.2019 9:00;18,5;Штиль, безветрие;0;
10.07.2019 6:00;13,6;Ветер, дующий с западо-северо-запада;2;
10.07.2019 3:00;14,3;Ветер, дующий с западо-юго-запада;2;
10.07.2019 0:00;15,9;Ветер, дующий с запада;1;
09.07.2019 21:00;18,3;Ветер, дующий с северо-запада;3;Гроза (грозы) с осадками или без них.
09.07.2019 18:00;20,2;Ветер, дующий с северо-запада;3;Гроза (грозы) с осадками или без них.
09.07.2019 15:00;17,7;Ветер, дующий с юга;1;Гроза (грозы) с осадками или без них.
09.07.2019 12:00;21,1;Ветер, дующий с запада;3;
09.07.2019 9:00;19;Ветер, дующий с запада;2;
09.07.2019 6:00;15;Ветер, дующий с западо-юго-запада;1;Гроза (грозы) с осадками или без них.
09.07.2019 3:00;15,1;Ветер, дующий с юго-запада;1;Гроза (грозы) с осадками или без них.
09.07.2019 0:00;15,6;Штиль, безветрие;0;Гроза (грозы) с осадками или без них.
08.07.2019 21:00;16,2;Ветер, дующий с северо-северо-востока;1;Гроза (грозы) с осадками или без них.
08.07.2019 18:00;26,8;Ветер, дующий с юго-юго-запада;2;
08.07.2019 15:00;26,6;Ветер, дующий с юго-юго-запада;2;
08.07.2019 12:00;24,9;Ветер, дующий с юго-запада;2;
08.07.2019 9:00;20,3;Ветер, дующий с юга;2;
08.07.2019 6:00;15,6;Штиль, безветрие;0;
08.07.2019 3:00;13,2;Штиль, безветрие;0;
08.07.2019 0:00;16,6;Ветер, дующий с юга;1;
07.07.2019 21:00;20,8;Ветер, дующий с западо-юго-запада;1;
07.07.2019 18:00;23;Ветер, дующий с запада;4;
07.07.2019 15:00;22,2;Ветер, дующий с запада;4;
07.07.2019 12:00;20,7;Ветер, дующий с юго-запада;3;
07.07.2019 9:00;16,9;Ветер, дующий с юго-юго-запада;4;
07.07.2019 6:00;13,1;Ветер, дующий с юго-юго-запада;3;Ливень (ливни).
07.07.2019 3:00;14,1;Ветер, дующий с юго-запада;4;Ливень (ливни).
07.07.2019 0:00;16,4;Ветер, дующий с юго-востока;2;Ливень (ливни).
06.07.2019 21:00;16,5;Ветер, дующий с юго-востока;1;Ливень (ливни).
06.07.2019 18:00;22,6;Ветер, дующий с северо-запада;2;Ливень (ливни).
06.07.2019 15:00;27,7;Ветер, дующий с юга;2;
06.07.2019 12:00;25,1;Ветер, дующий с востоко-юго-востока;3;
06.07.2019 9:00;22,3;Ветер, дующий с востока;3;
06.07.2019 6:00;14,5;Штиль, безветрие;0;
06.07.2019 3:00;14,5;Штиль, безветрие;0;
06.07.2019 0:00;16;Штиль, безветрие;0;
05.07.2019 21:00;17,7;Ветер, дующий с юга;1;Ливень (ливни).
05.07.2019 18:00;25,8;Ветер, дующий с запада;3;
05.07.2019 15:00;24;Ветер, дующий с запада;4;
05.07.2019 12:00;21,7;Ветер, дующий с западо-юго-запада;3;
05.07.2019 9:00;19,5;Ветер, дующий с запада;2;
05.07.2019 6:00;15,7;Ветер, дующий с западо-юго-запада;2;
05.07.2019 3:00;14,3;Штиль, безветрие;0;
05.07.2019 0:00;16;Ветер, дующий с западо-юго-запада;1;
04.07.2019 21:00;19,5;Ветер, дующий с западо-юго-запада;1;
04.07.2019 18:00;21,4;Ветер, дующий с западо-юго-запада;1;Ливень (ливни).
04.07.2019 15:00;21,5;Ветер, дующий с западо-юго-запада;2;
04.07.2019 12:00;20,5;Ветер, дующий с юга;4;
04.07.2019 9:00;17,6;Ветер, дующий с юго-востока;3;
04.07.2019 6:00;16,2;Ветер, дующий с юго-востока;3;Ливень (ливни).
04.07.2019 3:00;15,8;Ветер, дующий с востока;2;Ливень (ливни).
04.07.2019 0:00;16,1;Ветер, дующий с юго-востока;1;Гроза (грозы) с осадками или без них.
03.07.2019 21:00;19,2;Ветер, дующий с востоко-юго-востока;4;Гроза (грозы) с осадками или без них.
03.07.2019 18:00;17,7;Ветер, дующий с востоко-юго-востока;4;Гроза (грозы) с осадками или без них.
03.07.2019 15:00;16,9;Ветер, дующий с востоко-северо-востока;3;Ливень (ливни).
03.07.2019 12:00;16,6;Ветер, дующий с востока;3;Ливень (ливни).
03.07.2019 9:00;15,4;Ветер, дующий с востоко-юго-востока;3;Ливень (ливни).
03.07.2019 6:00;17,8;Ветер, дующий с востоко-юго-востока;3;Ливень (ливни).
03.07.2019 3:00;17,6;Ветер, дующий с востока;3;
03.07.2019 0:00;18,5;Ветер, дующий с востока;3;
02.07.2019 21:00;22,1;Ветер, дующий с востоко-юго-востока;3;
02.07.2019 18:00;24,4;Ветер, дующий с юго-востока;5;
02.07.2019 15:00;24,4;Ветер, дующий с востоко-юго-востока;5;
02.07.2019 12:00;23,3;Ветер, дующий с востоко-юго-востока;5;
02.07.2019 9:00;21;Ветер, дующий с юго-востока;3;
02.07.2019 6:00;12,8;Штиль, безветрие;0;
02.07.2019 3:00;11,1;Ветер, дующий с востоко-северо-востока;1;
02.07.2019 0:00;13,6;Штиль, безветрие;0;
01.07.2019 21:00;20,5;Ветер, дующий с востоко-юго-востока;2;
01.07.2019 18:00;23,1;Ветер, дующий с востоко-юго-востока;3;
01.07.2019 15:00;23;Ветер, дующий с юго-юго-востока;3;
01.07.2019 12:00;22;Ветер, дующий с юго-востока;3;
01.07.2019 9:00;19,5;Ветер, дующий с юго-юго-запада;1;
01.07.2019 6:00;13,3;Штиль, безветрие;0;
01.07.2019 3:00;10,2;Штиль, безветрие;0;Облака покрывали половину неба или менее в течение всего соответствующего периода.
01.07.2019 0:00;12,2;Штиль, безветрие;0;
30.06.2019 21:00;19,7;Ветер, дующий с востока;2;
30.06.2019 18:00;22,9;Ветер, дующий с востока;2;
30.06.2019 15:00;23,1;Ветер, дующий с северо-северо-востока;3;
30.06.2019 12:00;20,6;Ветер, дующий с северо-северо-востока;1;
30.06.2019 9:00;19,9;Ветер, дующий с северо-северо-востока;1;
30.06.2019 6:00;12,7;Штиль, безветрие;0;
30.06.2019 3:00;8,4;Штиль, безветрие;0;
30.06.2019 0:00;10,4;Штиль, безветрие;0;
29.06.2019 21:00;18,2;Ветер, дующий с севера;1;
29.06.2019 18:00;21;Ветер, дующий с северо-северо-востока;2;
29.06.2019 15:00;19,7;Ветер, дующий с северо-северо-востока;3;
29.06.2019 12:00;20;Ветер, дующий с севера;2;
29.06.2019 9:00;18,5;Ветер, дующий с северо-северо-востока;2;
29.06.2019 6:00;8,7;Штиль, безветрие;0;
29.06.2019 3:00;10,1;Штиль, безветрие;0;
29.06.2019 0:00;11,1;Штиль, безветрие;0;
28.06.2019 21:00;16,6;Ветер, дующий с севера;1;
28.06.2019 18:00;20,2;Ветер, дующий с северо-востока;3;
28.06.2019 15:00;18,9;Ветер, дующий с северо-запада;1;
28.06.2019 12:00;18,4;Ветер, дующий с северо-северо-востока;2;
28.06.2019 9:00;15;Ветер, дующий с северо-северо-запада;1;
28.06.2019 6:00;10,3;Штиль, безветрие;0;
28.06.2019 3:00;7,2;Ветер, дующий с северо-северо-запада;1;
28.06.2019 0:00;8,5;Штиль, безветрие;0;
27.06.2019 21:00;12,4;Ветер, дующий с северо-северо-запада;1;
27.06.2019 18:00;13;Ветер, дующий с северо-запада;1;
27.06.2019 15:00;12,5;Ветер, дующий с севера;2;
27.06.2019 12:00;11,8;Ветер, дующий с севера;4;
27.06.2019 9:00;9,7;Ветер, дующий с севера;3;
27.06.2019 6:00;9,6;Ветер, дующий с севера;2;
27.06.2019 3:00;10,4;Ветер, дующий с севера;4;
27.06.2019 0:00;12,8;Ветер, дующий с северо-северо-запада;2;
26.06.2019 21:00;15,9;Ветер, дующий с северо-запада;3;
26.06.2019 18:00;21,3;Ветер, дующий с северо-запада;3;Ливень (ливни).
26.06.2019 15:00;25;Ветер, дующий с запада;2;
26.06.2019 12:00;23,1;Ветер, дующий с юго-юго-запада;3;Гроза (грозы) с осадками или без них.
26.06.2019 9:00;20;Ветер, дующий с юга;2;Гроза (грозы) с осадками или без них.
26.06.2019 6:00;17,6;Ветер, дующий с юга;1;Гроза (грозы) с осадками или без них.
26.06.2019 3:00;18,8;Ветер, дующий с юго-востока;1;
26.06.2019 0:00;20,4;Ветер, дующий с востоко-юго-востока;2;
25.06.2019 21:00;23,5;Ветер, дующий с востоко-юго-востока;3;
25.06.2019 18:00;25,9;Ветер, дующий с запада;1;Гроза (грозы) с осадками или без них.
25.06.2019 15:00;26,4;Ветер, дующий с юга;2;
25.06.2019 12:00;23,9;Ветер, дующий с запада;1;
25.06.2019 9:00;22,8;Штиль, безветрие;0;
25.06.2019 6:00;15,5;Штиль, безветрие;0;Облака покрывали более половины неба в течение одной части соответствующего периода и половину или менее в течение другой части периода.
25.06.2019 3:00;14,1;Штиль, безветрие;0;
25.06.2019 0:00;16;Штиль, безветрие;0;
24.06.2019 21:00;21,2;Штиль, безветрие;0;
24.06.2019 18:00;22,3;Штиль, безветрие;0;
24.06.2019 15:00;23;Ветер, дующий с западо-юго-запада;2;
24.06.2019 12:00;19,6;Штиль, безветрие;0;
24.06.2019 9:00;16,7;Ветер, дующий с юго-востока;3;
24.06.2019 6:00;13,3;Ветер, дующий с востоко-юго-востока;1;
24.06.2019 3:00;12,2;Штиль, безветрие;0;
24.06.2019 0:00;14;Штиль, безветрие;0;
23.06.2019 21:00;16,6;Ветер, дующий с запада;2;
23.06.2019 18:00;19,7;Ветер, дующий с запада;2;
23.06.2019 15:00;18,6;Ветер, дующий с северо-запада;3;
23.06.2019 12:00;16,9;Ветер, дующий с северо-северо-запада;3;Ливень (ливни).
23.06.2019 9:00;12,2;Ветер, дующий с северо-запада;3;Ливень (ливни).
23.06.2019 6:00;9,8;Ветер, дующий с северо-запада;2;Ливень (ливни).
23.06.2019 3:00;8,6;Ветер, дующий с западо-северо-запада;3;Ливень (ливни).
23.06.2019 0:00;8,8;Ветер, дующий с северо-запада;3;Ливень (ливни).
22.06.2019 21:00;11,1;Ветер, дующий с северо-запада;3;
22.06.2019 18:00;15,3;Ветер, дующий с северо-запада;3;
22.06.2019 15:00;15,9;Ветер, дующий с северо-северо-запада;4;
22.06.2019 12:00;14,3;Ветер, дующий с северо-запада;3;
22.06.2019 9:00;15,4;Ветер, дующий с северо-запада;3;
22.06.2019 6:00;13;Ветер, дующий с западо-северо-запада;1;Облака покрывали более половины неба в течение одной части соответствующего периода и половину или менее в течение другой части периода.
22.06.2019 3:00;13;Ветер, дующий с западо-юго-запада;1;Облака покрывали более половины неба в течение всего соответствующего периода.
22.06.2019 0:00;15,2;Ветер, дующий с западо-юго-запада;1;Ливень (ливни).
21.06.2019 21:00;15,4;Ветер, дующий с востока;1;Ливень (ливни).
21.06.2019 18:00;25,7;Ветер, дующий с юго-запада;2;
21.06.2019 15:00;25,7;Ветер, дующий с юго-юго-запада;3;
21.06.2019 12:00;24,1;Ветер, дующий с юго-запада;2;
21.06.2019 9:00;21,3;Ветер, дующий с юга;2;
21.06.2019 6:00;14,9;Ветер, дующий с юга;1;
21.06.2019 3:00;15;Ветер, дующий с юга;1;
21.06.2019 0:00;15,4;Штиль, безветрие;0;
20.06.2019 21:00;21,2;Штиль, безветрие;0;
20.06.2019 18:00;22,8;Ветер, дующий с юго-юго-запада;1;
20.06.2019 15:00;22,3;Ветер, дующий с западо-юго-запада;3;
20.06.2019 12:00;21,7;Ветер, дующий с запада;2;
20.06.2019 9:00;16,9;Ветер, дующий с юго-запада;1;
20.06.2019 6:00;11,8;Штиль, безветрие;0;
20.06.2019 3:00;11;Штиль, безветрие;0;
20.06.2019 0:00;14,3;Ветер, дующий с юго-запада;1;
19.06.2019 21:00;16,8;Ветер, дующий с юго-запада;1;
19.06.2019 18:00;19,7;Ветер, дующий с запада;2;
19.06.2019 15:00;18,1;Ветер, дующий с запада;3;
19.06.2019 12:00;16,8;Ветер, дующий с западо-северо-запада;3;
19.06.2019 9:00;13,8;Ветер, дующий с запада;1;
19.06.2019 6:00;9,7;Ветер, дующий с юго-запада;1;
19.06.2019 0:00;10,2;Ветер, дующий с западо-юго-запада;1;
18.06.2019 21:00;15,7;Ветер, дующий с западо-северо-запада;1;
18.06.2019 18:00;16,9;Ветер, дующий с севера;3;Ливень (ливни).
18.06.2019 15:00;15,4;Ветер, дующий с северо-северо-запада;2;
18.06.2019 12:00;13,5;Ветер, дующий с северо-северо-запада;3;Ливень (ливни).
18.06.2019 9:00;11;Ветер, дующий с северо-северо-запада;2;Ливень (ливни).
18.06.2019 6:00;11;Ветер, дующий с севера;1;Ливень (ливни).
18.06.2019 3:00;11,2;Ветер, дующий с северо-северо-востока;2;Ливень (ливни).
18.06.2019 0:00;11,7;Ветер, дующий с северо-северо-востока;1;Ливень (ливни).
17.06.2019 21:00;13;Ветер, дующий с востоко-северо-востока;1;Ливень (ливни).
17.06.2019 18:00;17,8;Ветер, дующий с запада;2;Гроза (грозы) с осадками или без них.
17.06.2019 15:00;18,4;Ветер, дующий с западо-юго-запада;2;Гроза (грозы) с осадками или без них.
17.06.2019 12:00;19,4;Ветер, дующий с юга;3;
17.06.2019 9:00;15,1;Ветер, дующий с юга;2;
17.06.2019 6:00;10,6;Ветер, дующий с юго-юго-запада;1;
17.06.2019 3:00;9,8;Ветер, дующий с юго-юго-запада;1;
17.06.2019 0:00;12,8;Ветер, дующий с западо-юго-запада;1;Ливень (ливни).
16.06.2019 21:00;13,3;Ветер, дующий с юго-юго-востока;1;Ливень (ливни).
16.06.2019 18:00;17,3;Ветер, дующий с западо-северо-запада;2;
16.06.2019 15:00;19,3;Ветер, дующий с западо-юго-запада;3;
16.06.2019 12:00;17,2;Ветер, дующий с западо-юго-запада;2;
16.06.2019 9:00;14,7;Ветер, дующий с западо-юго-запада;1;
16.06.2019 6:00;6,5;Штиль, безветрие;0;
16.06.2019 3:00;6,3;Штиль, безветрие;0;
16.06.2019 0:00;8,7;Штиль, безветрие;0;
15.06.2019 21:00;10,7;Штиль, безветрие;0;
15.06.2019 18:00;13,9;Ветер, дующий с северо-востока;1;Ливень (ливни).
15.06.2019 15:00;14,1;Штиль, безветрие;0;Ливень (ливни).
15.06.2019 12:00;13,5;Ветер, дующий с запада;1;
15.06.2019 9:00;13,7;Ветер, дующий с северо-северо-запада;1;
15.06.2019 6:00;8,7;Штиль, безветрие;0;
15.06.2019 3:00;7,7;Штиль, безветрие;0;
15.06.2019 0:00;9,1;Штиль, безветрие;0;
14.06.2019 21:00;11,9;Ветер, дующий с северо-запада;2;
14.06.2019 18:00;13,2;Ветер, дующий с западо-северо-запада;2;
14.06.2019 15:00;13,2;Ветер, дующий с западо-северо-запада;2;
14.06.2019 12:00;11,7;Ветер, дующий с западо-северо-запада;3;Ливень (ливни).
14.06.2019 9:00;11,5;Ветер, дующий с запада;3;
14.06.2019 6:00;9,2;Ветер, дующий с запада;1;
14.06.2019 3:00;8,8;Ветер, дующий с северо-запада;1;
14.06.2019 0:00;10,6;Ветер, дующий с северо-запада;2;
13.06.2019 21:00;13,6;Ветер, дующий с северо-запада;4;
13.06.2019 18:00;13,8;Ветер, дующий с северо-запада;2;Ливень (ливни).
13.06.2019 15:00;13,8;Ветер, дующий с юго-запада;2;Ливень (ливни).
13.06.2019 12:00;19,5;Ветер, дующий с западо-северо-запада;3;
13.06.2019 9:00;17,7;Ветер, дующий с запада;2;
13.06.2019 6:00;15,5;Ветер, дующий с юго-юго-запада;1;
13.06.2019 3:00;16,7;Ветер, дующий с западо-юго-запада;1;
13.06.2019 0:00;19,3;Ветер, дующий с западо-юго-запада;1;Гроза (грозы) с осадками или без них.
12.06.2019 21:00;22,3;Штиль, безветрие;0;Гроза (грозы) с осадками или без них.
12.06.2019 18:00;26,2;Ветер, дующий с запада;2;
12.06.2019 15:00;26,3;Ветер, дующий с запада;2;
12.06.2019 12:00;23,6;Ветер, дующий с северо-запада;1;Гроза (грозы) с осадками или без них.
12.06.2019 9:00;17,8;Ветер, дующий с северо-северо-запада;1;Гроза (грозы) с осадками или без них.
12.06.2019 6:00;17,9;Штиль, безветрие;0;
12.06.2019 3:00;20,1;Ветер, дующий с запада;2;
12.06.2019 0:00;20,8;Штиль, безветрие;0;
11.06.2019 21:00;24,9;Штиль, безветрие;0;
11.06.2019 18:00;28,6;Ветер, дующий с запада;2;
11.06.2019 15:00;28,2;Ветер, дующий с западо-юго-запада;2;
11.06.2019 12:00;25,7;Ветер, дующий с юго-запада;2;
11.06.2019 9:00;20,9;Ветер, дующий с юга;1;
11.06.2019 6:00;14,7;Ветер, дующий с юга;1;
11.06.2019 3:00;14,3;Ветер, дующий с юго-запада;1;
11.06.2019 0:00;16,1;Штиль, безветрие;0;Гроза (грозы) с осадками или без них.
10.06.2019 21:00;18,8;Ветер, дующий с юго-юго-запада;1;
10.06.2019 18:00;20,8;Ветер, дующий с юго-запада;2;Ливень (ливни).
10.06.2019 15:00;16;Ветер, дующий с юго-юго-запада;1;Ливень (ливни).
10.06.2019 12:00;15,2;Ветер, дующий с западо-юго-запада;1;Ливень (ливни).
10.06.2019 9:00;15;Ветер, дующий с западо-северо-запада;1;
10.06.2019 6:00;11,7;Ветер, дующий с северо-северо-запада;1;
10.06.2019 3:00;11,9;Ветер, дующий с северо-запада;1;
10.06.2019 0:00;13,3;Ветер, дующий с западо-северо-запада;1;
09.06.2019 21:00;12,7;Ветер, дующий с севера;1;
09.06.2019 18:00;12,2;Ветер, дующий с севера;4;Ливень (ливни).
09.06.2019 15:00;11,9;Ветер, дующий с северо-северо-запада;3;Ливень (ливни).
09.06.2019 12:00;10,9;Ветер, дующий с севера;3;Ливень (ливни).
09.06.2019 9:00;11;Ветер, дующий с севера;3;Ливень (ливни).
09.06.2019 6:00;12,3;Ветер, дующий с севера;3;Облака покрывали более половины неба в течение всего соответствующего периода.
09.06.2019 3:00;12,5;Ветер, дующий с северо-северо-запада;2;
09.06.2019 0:00;12,7;Ветер, дующий с севера;2;Ливень (ливни).
08.06.2019 21:00;14,1;Ветер, дующий с севера;3;Ливень (ливни).
08.06.2019 18:00;15,3;Ветер, дующий с северо-северо-запада;1;Ливень (ливни).
08.06.2019 15:00;14;Ветер, дующий с запада;3;Ливень (ливни).
08.06.2019 12:00;12,7;Ветер, дующий с западо-юго-запада;2;Ливень (ливни).
08.06.2019 9:00;12,1;Ветер, дующий с северо-запада;1;
08.06.2019 6:00;10,9;Ветер, дующий с запада;1;
08.06.2019 3:00;10,8;Ветер, дующий с западо-северо-запада;1;
08.06.2019 0:00;11,5;Ветер, дующий с западо-юго-запада;1;
07.06.2019 21:00;12,1;Ветер, дующий с северо-запада;1;Ливень (ливни).
07.06.2019 18:00;11,7;Ветер, дующий с северо-северо-востока;4;Ливень (ливни).
07.06.2019 15:00;11,5;Ветер, дующий с северо-северо-востока;4;Ливень (ливни).
07.06.2019 12:00;10,4;Ветер, дующий с востоко-юго-востока;5;Ливень (ливни).
07.06.2019 9:00;11,3;Ветер, дующий с юго-юго-востока;4;Ливень (ливни).
07.06.2019 6:00;10,6;Ветер, дующий с юга;2;Ливень (ливни).
07.06.2019 3:00;10,4;Ветер, дующий с юга;1;Ливень (ливни).
07.06.2019 0:00;12,1;Ветер, дующий с юго-юго-запада;1;Ливень (ливни).
06.06.2019 21:00;13,6;Штиль, безветрие;0;
06.06.2019 18:00;15,3;Штиль, безветрие;0;
06.06.2019 15:00;15,8;Штиль, безветрие;0;
06.06.2019 12:00;14,6;Ветер, дующий с западо-юго-запада;1;
06.06.2019 9:00;12,2;Ветер, дующий с западо-юго-запада;2;
06.06.2019 6:00;10;Ветер, дующий с юго-юго-запада;1;
06.06.2019 3:00;10,5;Ветер, дующий с юго-запада;1;
06.06.2019 0:00;13,3;Ветер, дующий с запада;2;
05.06.2019 21:00;15,9;Ветер, дующий с запада;1;
05.06.2019 18:00;18,8;Ветер, дующий с запада;2;Гроза (грозы) с осадками или без них.
05.06.2019 15:00;16,3;Ветер, дующий с юго-юго-запада;2;Гроза (грозы) с осадками или без них.
05.06.2019 12:00;13,9;Ветер, дующий с востоко-юго-востока;3;Гроза (грозы) с осадками или без них.
05.06.2019 9:00;12,9;Ветер, дующий с востоко-юго-востока;4;Ливень (ливни).
05.06.2019 6:00;13;Ветер, дующий с востоко-юго-востока;3;Ливень (ливни).
05.06.2019 3:00;16,5;Ветер, дующий с востоко-юго-востока;4;Ливень (ливни).
05.06.2019 0:00;18,4;Ветер, дующий с востоко-юго-востока;5;
04.06.2019 21:00;19,9;Ветер, дующий с юга;2;
04.06.2019 18:00;21,8;Ветер, дующий с юго-юго-востока;3;
04.06.2019 15:00;21,2;Ветер, дующий с юга;2;
04.06.2019 12:00;19,7;Ветер, дующий с востоко-юго-востока;1;
04.06.2019 9:00;17,6;Ветер, дующий с юго-запада;1;
04.06.2019 6:00;9,1;Штиль, безветрие;0;
04.06.2019 3:00;7,2;Штиль, безветрие;0;
04.06.2019 0:00;9,4;Ветер, дующий с северо-северо-запада;1;
03.06.2019 21:00;15,6;Ветер, дующий с севера;1;
03.06.2019 18:00;17,9;Ветер, дующий с севера;3;
03.06.2019 15:00;18,4;Ветер, дующий с северо-северо-запада;4;
03.06.2019 12:00;17,9;Ветер, дующий с северо-запада;4;
03.06.2019 9:00;15,1;Ветер, дующий с северо-запада;4;
03.06.2019 6:00;12,6;Ветер, дующий с северо-запада;3;
03.06.2019 3:00;14,9;Ветер, дующий с севера;3;
03.06.2019 0:00;14,6;Штиль, безветрие;0;Ливень (ливни).
02.06.2019 21:00;18,4;Штиль, безветрие;0;
02.06.2019 18:00;21,8;Ветер, дующий с юго-юго-запада;2;
02.06.2019 15:00;21,2;Ветер, дующий с западо-юго-запада;2;
02.06.2019 12:00;19,5;Ветер, дующий с западо-юго-запада;3;
02.06.2019 9:00;16,6;Ветер, дующий с юго-запада;1;
02.06.2019 6:00;10,2;Ветер, дующий с северо-запада;1;
02.06.2019 3:00;9;Штиль, безветрие;0;Облака покрывали половину неба или менее в течение всего соответствующего периода.
02.06.2019 0:00;11,5;Штиль, безветрие;0;Ливень (ливни).
01.06.2019 21:00;14,5;Ветер, дующий с севера;1;Облака покрывали более половины неба в течение всего соответствующего периода.
01.06.2019 18:00;15,8;Ветер, дующий с севера;2;Морось.
01.06.2019 15:00;14,5;Ветер, дующий с востоко-юго-востока;2;Морось.
01.06.2019 12:00;13,4;Ветер, дующий с востока;4;Ливень (ливни).
01.06.2019 9:00;13,2;Ветер, дующий с востока;3;Ливень (ливни).
01.06.2019 6:00;13,4;Ветер, дующий с юго-юго-востока;4;Ливень (ливни).
01.06.2019 3:00;14,3;Ветер, дующий с юго-востока;2;Ливень (ливни).
01.06.2019 0:00;13,2;Ветер, дующий с юго-юго-востока;1;
31.05.2019 21:00;16,1;Штиль, безветрие;0;
31.05.2019 18:00;18,4;Ветер, дующий с севера;3;Ливень (ливни).
31.05.2019 15:00;16,5;Ветер, дующий с северо-запада;2;Ливень (ливни).
31.05.2019 12:00;17,5;Ветер, дующий с запада;3;Ливень (ливни).
31.05.2019 9:00;13,7;Ветер, дующий с юго-запада;1;Ливень (ливни).
31.05.2019 6:00;12,7;Ветер, дующий с юго-запада;2;
31.05.2019 3:00;12,2;Ветер, дующий с юго-запада;2;
31.05.2019 0:00;10,8;Штиль, безветрие;0;
30.05.2019 21:00;15,5;Ветер, дующий с северо-запада;1;
30.05.2019 18:00;17,5;Ветер, дующий с северо-северо-запада;3;
30.05.2019 15:00;16,1;Ветер, дующий с северо-запада;4;
30.05.2019 12:00;15,6;Ветер, дующий с северо-запада;4;
30.05.2019 9:00;14,5;Ветер, дующий с северо-северо-запада;3;
30.05.2019 6:00;12,8;Ветер, дующий с северо-запада;2;Гроза (грозы) с осадками или без них.
30.05.2019 3:00;13,2;Штиль, безветрие;0;Гроза (грозы) с осадками или без них.
30.05.2019 0:00;14,9;Ветер, дующий с западо-юго-запада;1;Ливень (ливни).
29.05.2019 21:00;15,6;Ветер, дующий с запада;1;Ливень (ливни).
29.05.2019 18:00;23,3;Ветер, дующий с запада;2;
29.05.2019 15:00;25,8;Ветер, дующий с запада;2;
29.05.2019 12:00;22,8;Ветер, дующий с юго-юго-запада;2;
29.05.2019 9:00;18,3;Ветер, дующий с юга;2;
29.05.2019 6:00;16,1;Ветер, дующий с юго-юго-запада;1;
29.05.2019 3:00;15,4;Ветер, дующий с юга;1;
29.05.2019 0:00;19,8;Ветер, дующий с юга;1;
28.05.2019 21:00;24,3;Ветер, дующий с юго-запада;1;
28.05.2019 18:00;27,4;Ветер, дующий с запада;2;
28.05.2019 15:00;26,5;Ветер, дующий с юго-запада;2;
28.05.2019 12:00;23,7;Ветер, дующий с юго-запада;3;
28.05.2019 9:00;16,5;Ветер, дующий с юга;2;
28.05.2019 6:00;12,6;Ветер, дующий с юго-юго-запада;1;
28.05.2019 3:00;13,8;Ветер, дующий с юга;1;
28.05.2019 0:00;16,1;Ветер, дующий с юго-юго-запада;1;
27.05.2019 21:00;19,8;Ветер, дующий с юго-запада;1;
27.05.2019 18:00;23,2;Ветер, дующий с запада;5;
27.05.2019 15:00;22,4;Ветер, дующий с западо-юго-запада;4;
27.05.2019 12:00;18,7;Ветер, дующий с юго-запада;3;
27.05.2019 9:00;13,2;Ветер, дующий с юга;2;
27.05.2019 6:00;5,6;Штиль, безветрие;0;
27.05.2019 3:00;4,6;Штиль, безветрие;0;
27.05.2019 0:00;4,6;Штиль, безветрие;0;
26.05.2019 21:00;11,6;Штиль, безветрие;0;
26.05.2019 18:00;13,3;Ветер, дующий с западо-северо-запада;3;
26.05.2019 15:00;12,1;Ветер, дующий с запада;4;
26.05.2019 12:00;9,6;Ветер, дующий с запада;4;
26.05.2019 9:00;7,8;Ветер, дующий с запада;3;
26.05.2019 6:00;4,8;Ветер, дующий с запада;2;
26.05.2019 3:00;5,5;Ветер, дующий с северо-запада;2;
26.05.2019 0:00;6,4;Ветер, дующий с северо-запада;2;Ливень (ливни).
25.05.2019 21:00;5,6;Ветер, дующий с северо-запада;1;Ливень (ливни).
25.05.2019 18:00;3,5;Ветер, дующий с северо-северо-запада;3;Ливень (ливни).
25.05.2019 15:00;8,4;Ветер, дующий с северо-запада;4;Ливень (ливни).
25.05.2019 12:00;18,4;Ветер, дующий с западо-юго-запада;3;Ливень (ливни).
25.05.2019 9:00;16,9;Ветер, дующий с юга;2;Ливень (ливни).
25.05.2019 6:00;16,4;Ветер, дующий с юга;2;
25.05.2019 3:00;16,5;Ветер, дующий с юга;1;
25.05.2019 0:00;19,1;Ветер, дующий с юго-запада;1;
24.05.2019 21:00;21,4;Ветер, дующий с юго-юго-запада;1;Облака покрывали более половины неба в течение всего соответствующего периода.
24.05.2019 18:00;24,6;Ветер, дующий с западо-юго-запада;4;Облака покрывали более половины неба в течение всего соответствующего периода.
24.05.2019 15:00;23,7;Ветер, дующий с западо-юго-запада;4;
24.05.2019 12:00;17,6;Ветер, дующий с юга;3;Ливень (ливни).
24.05.2019 9:00;11;Ветер, дующий с юго-юго-запада;1;Ливень (ливни).
24.05.2019 6:00;9,5;Ветер, дующий с юго-юго-востока;3;
24.05.2019 3:00;8,8;Ветер, дующий с юга;2;
24.05.2019 0:00;6,8;Ветер, дующий с юга;1;
23.05.2019 21:00;10,8;Штиль, безветрие;0;
23.05.2019 18:00;12,6;Ветер, дующий с западо-юго-запада;2;
23.05.2019 15:00;11,9;Ветер, дующий с западо-юго-запада;2;
23.05.2019 12:00;9,5;Ветер, дующий с западо-юго-запада;1;
23.05.2019 9:00;7,6;Ветер, дующий с юго-запада;1;
23.05.2019 6:00;3,8;Ветер, дующий с западо-юго-запада;1;
23.05.2019 3:00;6,4;Ветер, дующий с северо-запада;2;Ливень (ливни).
23.05.2019 0:00;7,7;Ветер, дующий с западо-северо-запада;2;
22.05.2019 21:00;7,1;Ветер, дующий с западо-северо-запада;1;
22.05.2019 18:00;9,1;Ветер, дующий с севера;4;Ливень (ливни).
22.05.2019 15:00;6,8;Ветер, дующий с северо-запада;1;Ливень (ливни).
22.05.2019 12:00;10,8;Ветер, дующий с севера;1;Облака покрывали более половины неба в течение всего соответствующего периода.
22.05.2019 9:00;8,3;Ветер, дующий с юго-юго-запада;1;
22.05.2019 6:00;4,2;Штиль, безветрие;0;Ливень (ливни).
22.05.2019 3:00;5,4;Штиль, безветрие;0;Ливень (ливни).
22.05.2019 0:00;5,5;Штиль, безветрие;0;Ливень (ливни).
21.05.2019 21:00;9,6;Штиль, безветрие;0;
21.05.2019 18:00;8,4;Ветер, дующий с севера;1;Ливень (ливни).
21.05.2019 15:00;9,4;Ветер, дующий с северо-запада;2;Ливень (ливни).
21.05.2019 12:00;9,7;Ветер, дующий с запада;4;Ливень (ливни).
21.05.2019 9:00;6,7;Ветер, дующий с запада;3;Ливень (ливни).
21.05.2019 6:00;3,6;Ветер, дующий с северо-запада;2;Ливень (ливни).
21.05.2019 3:00;4,5;Ветер, дующий с северо-запада;2;Ливень (ливни).
21.05.2019 0:00;7,5;Ветер, дующий с западо-северо-запада;2;Ливень (ливни).
20.05.2019 21:00;11,7;Ветер, дующий с западо-юго-запада;1;
20.05.2019 18:00;14,4;Ветер, дующий с западо-юго-запада;2;
20.05.2019 15:00;14,5;Ветер, дующий с запада;2;
20.05.2019 12:00;10,1;Ветер, дующий с западо-юго-запада;3;
20.05.2019 9:00;5,8;Ветер, дующий с западо-юго-запада;5;
20.05.2019 6:00;4,6;Ветер, дующий с западо-юго-запада;3;
20.05.2019 3:00;4,8;Ветер, дующий с юго-запада;2;
20.05.2019 0:00;6;Ветер, дующий с юго-запада;2;Ливень (ливни).
19.05.2019 21:00;9,6;Ветер, дующий с юга;2;Ливень (ливни).
19.05.2019 18:00;9,7;Ветер, дующий с юго-юго-запада;3;Ливень (ливни).
19.05.2019 15:00;13,7;Ветер, дующий с юго-запада;3;Ливень (ливни).
19.05.2019 12:00;14;Ветер, дующий с юга;3;
19.05.2019 9:00;10;Ветер, дующий с юго-юго-запада;2;
19.05.2019 6:00;3,5;Штиль, безветрие;0;Ливень (ливни).
19.05.2019 3:00;4,2;Штиль, безветрие;0;Ливень (ливни).
19.05.2019 0:00;7,1;Штиль, безветрие;0;Ливень (ливни).
18.05.2019 21:00;9,2;Ветер, дующий с северо-запада;2;Ливень (ливни).
18.05.2019 18:00;11,8;Штиль, безветрие;0;Ливень (ливни).
18.05.2019 15:00;12,2;Штиль, безветрие;0;Ливень (ливни).
18.05.2019 12:00;12,1;Ветер, дующий с юго-юго-запада;1;Ливень (ливни).
18.05.2019 9:00;11,2;Ветер, дующий с юго-юго-запада;2;Ливень (ливни).
18.05.2019 6:00;13;Ветер, дующий с юго-запада;2;Ливень (ливни).
18.05.2019 3:00;12,9;Ветер, дующий с юго-запада;3;Ливень (ливни).
18.05.2019 0:00;16,1;Ветер, дующий с юга;4;
17.05.2019 21:00;17;Ветер, дующий с юго-запада;2;
17.05.2019 18:00;18,5;Ветер, дующий с юго-юго-запада;4;
17.05.2019 15:00;18,1;Ветер, дующий с юго-юго-запада;3;
17.05.2019 12:00;15,4;Ветер, дующий с юга;3;
17.05.2019 9:00;10,4;Ветер, дующий с юга;2;
17.05.2019 6:00;1,8;Штиль, безветрие;0;Облака покрывали более половины неба в течение одной части соответствующего периода и половину или менее в течение другой части периода.
17.05.2019 3:00;-0,4;Штиль, безветрие;0;
17.05.2019 0:00;1,7;Штиль, безветрие;0;
16.05.2019 21:00;7,6;Штиль, безветрие;0;
16.05.2019 18:00;12,1;Ветер, дующий с северо-северо-востока;1;
16.05.2019 15:00;11,3;Ветер, дующий с запада;1;
16.05.2019 12:00;8,8;Ветер, дующий с северо-востока;1;
16.05.2019 9:00;6,5;Ветер, дующий с западо-северо-запада;2;
16.05.2019 6:00;-0,3;Ветер, дующий с северо-северо-запада;1;
16.05.2019 3:00;-0,7;Ветер, дующий с северо-северо-востока;1;
16.05.2019 0:00;1,5;Штиль, безветрие;0;
15.05.2019 21:00;5,9;Ветер, дующий с северо-северо-запада;1;
15.05.2019 18:00;8,3;Ветер, дующий с севера;4;
15.05.2019 15:00;8,2;Ветер, дующий с севера;4;
15.05.2019 12:00;6,3;Ветер, дующий с севера;3;
15.05.2019 9:00;2,4;Ветер, дующий с севера;3;
15.05.2019 6:00;-2,2;Ветер, дующий с севера;2;
15.05.2019 3:00;-1,7;Ветер, дующий с севера;3;
15.05.2019 0:00;-1,1;Ветер, дующий с севера;3;
14.05.2019 21:00;0,9;Ветер, дующий с севера;6;
14.05.2019 18:00;7,1;Ветер, дующий с севера;8;Ливень (ливни).
14.05.2019 15:00;8,2;Ветер, дующий с северо-северо-запада;4;Ливень (ливни).
14.05.2019 12:00;6,4;Ветер, дующий с севера;3;Ливень (ливни).
14.05.2019 9:00;4,9;Ветер, дующий с севера;3;Ливень (ливни).
14.05.2019 6:00;5,9;Штиль, безветрие;0;
14.05.2019 3:00;5,1;Штиль, безветрие;0;
14.05.2019 0:00;5,1;Штиль, безветрие;0;
13.05.2019 21:00;7,6;Ветер, дующий с севера;1;
13.05.2019 18:00;11,1;Ветер, дующий с севера;3;
13.05.2019 15:00;11,4;Ветер, дующий с севера;3;
13.05.2019 12:00;9,8;Ветер, дующий с северо-северо-запада;3;
13.05.2019 9:00;8,4;Ветер, дующий с северо-северо-запада;1;
13.05.2019 6:00;3,7;Ветер, дующий с севера;1;
13.05.2019 3:00;4,8;Ветер, дующий с северо-северо-востока;2;
13.05.2019 0:00;9,4;Ветер, дующий с севера;3;
12.05.2019 21:00;14,1;Ветер, дующий с севера;3;
12.05.2019 18:00;17,9;Ветер, дующий с северо-северо-запада;4;
12.05.2019 15:00;18,7;Ветер, дующий с северо-северо-запада;4;
12.05.2019 12:00;17,8;Ветер, дующий с севера;4;
12.05.2019 9:00;15,1;Ветер, дующий с севера;2;
12.05.2019 6:00;9,5;Ветер, дующий с севера;1;
12.05.2019 3:00;12,3;Ветер, дующий с севера;2;
12.05.2019 0:00;16,6;Ветер, дующий с севера;1;
11.05.2019 21:00;20,2;Штиль, безветрие;0;
11.05.2019 18:00;25,3;Ветер, дующий с запада;2;
11.05.2019 15:00;24;Ветер, дующий с юго-запада;2;
11.05.2019 12:00;21,6;Ветер, дующий с юго-юго-запада;2;
11.05.2019 9:00;15,3;Ветер, дующий с юго-юго-запада;1;
11.05.2019 6:00;8,8;Штиль, безветрие;0;
11.05.2019 3:00;10,8;Ветер, дующий с юго-юго-востока;1;
11.05.2019 0:00;13,5;Ветер, дующий с юго-востока;3;
10.05.2019 21:00;16,4;Ветер, дующий с востоко-юго-востока;3;
10.05.2019 18:00;20,8;Ветер, дующий с востоко-юго-востока;4;
10.05.2019 15:00;20,7;Ветер, дующий с востоко-юго-востока;5;
10.05.2019 12:00;18,2;Ветер, дующий с востока;5;
10.05.2019 9:00;13,9;Ветер, дующий с востоко-юго-востока;5;
10.05.2019 6:00;9,9;Ветер, дующий с востока;4;
10.05.2019 3:00;12,1;Ветер, дующий с востока;5;
10.05.2019 0:00;15,3;Ветер, дующий с востока;3;
09.05.2019 21:00;19,7;Ветер, дующий с востока;4;
09.05.2019 18:00;25,2;Ветер, дующий с востока;6;
09.05.2019 15:00;28,1;Ветер, дующий с северо-востока;3;
09.05.2019 12:00;27,8;Ветер, дующий с юго-востока;1;
09.05.2019 9:00;19,5;Ветер, дующий с востока;1;
09.05.2019 6:00;17,5;Ветер, дующий с западо-юго-запада;1;
09.05.2019 3:00;16,8;Ветер, дующий с юго-запада;1;
09.05.2019 0:00;15,5;Ветер, дующий с юго-юго-запада;1;
08.05.2019 21:00;19,8;Ветер, дующий с северо-востока;1;
08.05.2019 18:00;30;Ветер, дующий с западо-северо-запада;2;
08.05.2019 15:00;29,8;Ветер, дующий с запада;3;
08.05.2019 12:00;28,1;Ветер, дующий с западо-юго-запада;2;
08.05.2019 9:00;20,2;Ветер, дующий с юго-запада;1;
08.05.2019 6:00;14,3;Ветер, дующий с юго-запада;1;
08.05.2019 3:00;13,8;Штиль, безветрие;0;
08.05.2019 0:00;13,9;Штиль, безветрие;0;
07.05.2019 21:00;19,2;Штиль, безветрие;0;
07.05.2019 18:00;27;Ветер, дующий с запада;2;
07.05.2019 15:00;26,4;Ветер, дующий с запада;2;
07.05.2019 12:00;24,9;Ветер, дующий с запада;1;
07.05.2019 9:00;18,8;Ветер, дующий с юго-юго-запада;1;
07.05.2019 6:00;12,5;Штиль, безветрие;0;
07.05.2019 3:00;12,5;Штиль, безветрие;0;
07.05.2019 0:00;15,4;Ветер, дующий с юго-запада;1;
06.05.2019 21:00;17;Ветер, дующий с востока;1;
06.05.2019 18:00;22,5;Ветер, дующий с северо-запада;2;
06.05.2019 15:00;23,1;Ветер, дующий с востоко-юго-востока;1;
06.05.2019 12:00;20,7;Ветер, дующий с востока;2;
06.05.2019 9:00;15,6;Ветер, дующий с востока;2;
06.05.2019 6:00;7,6;Ветер, дующий с востоко-северо-востока;1;
06.05.2019 3:00;8,8;Ветер, дующий с северо-востока;1;
06.05.2019 0:00;11,6;Ветер, дующий с востока;2;
05.05.2019 21:00;15,8;Ветер, дующий с севера;1;
05.05.2019 18:00;22,8;Ветер, дующий с северо-северо-запада;3;
05.05.2019 15:00;22,3;Ветер, дующий с западо-юго-запада;3;
05.05.2019 12:00;18,5;Ветер, дующий с запада;3;
05.05.2019 9:00;14,5;Ветер, дующий с западо-юго-запада;2;
05.05.2019 6:00;10;Ветер, дующий с юго-запада;2;
05.05.2019 3:00;11,2;Ветер, дующий с юго-запада;2;
05.05.2019 0:00;12,7;Ветер, дующий с юго-юго-запада;1;
04.05.2019 21:00;16,7;Ветер, дующий с юго-запада;2;
04.05.2019 18:00;20,5;Ветер, дующий с юго-запада;4;
04.05.2019 15:00;20,1;Ветер, дующий с юго-запада;5;
04.05.2019 12:00;16,7;Ветер, дующий с юго-запада;4;
04.05.2019 9:00;13,3;Ветер, дующий с юго-запада;3;
04.05.2019 6:00;8,4;Ветер, дующий с юга;2;
04.05.2019 3:00;8,4;Ветер, дующий с юга;2;
04.05.2019 0:00;10;Ветер, дующий с юга;2;
03.05.2019 21:00;12,8;Ветер, дующий с юга;2;
03.05.2019 18:00;16;Ветер, дующий с юга;4;
03.05.2019 15:00;15,1;Ветер, дующий с юго-запада;4;
03.05.2019 12:00;13,4;Ветер, дующий с юга;3;
03.05.2019 9:00;7,1;Ветер, дующий с юго-юго-запада;2;
03.05.2019 6:00;1,3;Ветер, дующий с юга;1;
03.05.2019 3:00;3;Ветер, дующий с юго-юго-запада;2;
03.05.2019 0:00;3,6;Ветер, дующий с юга;1;
02.05.2019 21:00;6,7;Штиль, безветрие;0;
02.05.2019 18:00;9,7;Ветер, дующий с юго-юго-запада;1;
02.05.2019 15:00;10,3;Ветер, дующий с запада;2;
02.05.2019 12:00;8,5;Ветер, дующий с западо-юго-запада;3;
02.05.2019 9:00;4,8;Ветер, дующий с юго-запада;2;
02.05.2019 6:00;-0,6;Ветер, дующий с юго-юго-запада;2;
02.05.2019 3:00;0,3;Ветер, дующий с юга;2;
02.05.2019 0:00;0,7;Ветер, дующий с юго-юго-запада;1;Ливень (ливни).
01.05.2019 21:00;2,2;Ветер, дующий с юго-юго-востока;1;Ливень (ливни).
01.05.2019 18:00;3,8;Ветер, дующий с юго-юго-запада;5;Ливень (ливни).
01.05.2019 15:00;4,8;Ветер, дующий с юго-юго-запада;3;Ливень (ливни).
01.05.2019 12:00;4,1;Ветер, дующий с юга;4;
01.05.2019 9:00;-0,3;Ветер, дующий с западо-юго-запада;2;
01.05.2019 6:00;-4,9;Ветер, дующий с западо-юго-запада;2;Ливень (ливни).
01.05.2019 3:00;-3,7;Ветер, дующий с западо-северо-запада;3;Ливень (ливни).
01.05.2019 0:00;-2,5;Ветер, дующий с севера;3;Ливень (ливни).
30.04.2019 21:00;-3;Ветер, дующий с северо-запада;3;
30.04.2019 18:00;-2,9;Ветер, дующий с северо-северо-запада;3;
30.04.2019 15:00;-2,3;Ветер, дующий с запада;3;
30.04.2019 12:00;-1;Ветер, дующий с северо-запада;3;Ливень (ливни).
30.04.2019 9:00;-1,7;Ветер, дующий с северо-северо-запада;3;Ливень (ливни).
30.04.2019 6:00;-1,6;Ветер, дующий с северо-северо-запада;2;Ливень (ливни).
30.04.2019 3:00;-1,6;Ветер, дующий с северо-северо-запада;2;Ливень (ливни).
30.04.2019 0:00;4,7;Ветер, дующий с северо-запада;3;
29.04.2019 21:00;10,2;Ветер, дующий с запада;3;
29.04.2019 18:00;20,7;Ветер, дующий с западо-юго-запада;7;Облака покрывали более половины неба в течение всего соответствующего периода.
29.04.2019 15:00;20,6;Ветер, дующий с западо-юго-запада;5;
29.04.2019 12:00;17,5;Ветер, дующий с юго-запада;5;
29.04.2019 9:00;13,8;Ветер, дующий с юго-юго-запада;4;
29.04.2019 6:00;9,2;Ветер, дующий с юга;2;
29.04.2019 3:00;9,1;Ветер, дующий с юга;2;
29.04.2019 0:00;10,9;Ветер, дующий с юга;2;
28.04.2019 21:00;11,3;Ветер, дующий с юга;2;
28.04.2019 18:00;11,9;Ветер, дующий с юго-юго-запада;3;
28.04.2019 15:00;15,9;Ветер, дующий с юго-юго-запада;3;
28.04.2019 12:00;7,9;Ветер, дующий с юго-юго-востока;6;
28.04.2019 9:00;2;Ветер, дующий с юго-востока;3;
28.04.2019 6:00;-2,9;Ветер, дующий с юго-востока;1;
28.04.2019 3:00;-1,4;Ветер, дующий с западо-юго-запада;1;
28.04.2019 0:00;0,8;Ветер, дующий с западо-северо-запада;2;Ливень (ливни).
27.04.2019 21:00;2,9;Ветер, дующий с западо-северо-запада;2;Ливень (ливни).
27.04.2019 18:00;3,8;Ветер, дующий с запада;3;Ливень (ливни).
27.04.2019 15:00;5,3;Ветер, дующий с юга;3;Ливень (ливни).
27.04.2019 12:00;1,2;Ветер, дующий с юга;3;Ливень (ливни).
27.04.2019 9:00;0,2;Ветер, дующий с юго-юго-запада;2;
27.04.2019 6:00;-1,7;Ветер, дующий с юго-востока;1;
27.04.2019 3:00;-3,5;Ветер, дующий с юго-востока;1;
27.04.2019 0:00;-3,4;Штиль, безветрие;0;
26.04.2019 21:00;0,4;Ветер, дующий с северо-северо-запада;1;
26.04.2019 18:00;3,4;Ветер, дующий с северо-северо-запада;2;
26.04.2019 15:00;2,9;Ветер, дующий с запада;3;
26.04.2019 12:00;2,4;Ветер, дующий с западо-северо-запада;4;
26.04.2019 9:00;-0,6;Ветер, дующий с западо-юго-запада;3;
26.04.2019 6:00;-2,6;Ветер, дующий с западо-юго-запада;4;Ливень (ливни).
26.04.2019 3:00;-1;Ветер, дующий с западо-юго-запада;3;Ливень (ливни).
26.04.2019 0:00;1,3;Ветер, дующий с юго-запада;3;
25.04.2019 21:00;4;Ветер, дующий с западо-юго-запада;1;Ливень (ливни).
25.04.2019 18:00;5,9;Ветер, дующий с северо-запада;3;Ливень (ливни).
25.04.2019 15:00;7;Ветер, дующий с запада;2;Ливень (ливни).
25.04.2019 12:00;5,1;Ветер, дующий с юго-запада;1;Ливень (ливни).
25.04.2019 9:00;5;Ветер, дующий с севера;1;Ливень (ливни).
25.04.2019 6:00;4,2;Штиль, безветрие;0;Ливень (ливни).
25.04.2019 3:00;4,1;Ветер, дующий с юго-запада;1;
25.04.2019 0:00;4,4;Штиль, безветрие;0;
24.04.2019 21:00;7,5;Ветер, дующий с северо-запада;1;
24.04.2019 18:00;15;Ветер, дующий с западо-юго-запада;3;Ливень (ливни).
24.04.2019 15:00;15;Ветер, дующий с юго-юго-запада;1;
24.04.2019 12:00;14,2;Ветер, дующий с юга;2;
24.04.2019 9:00;7,3;Ветер, дующий с юго-запада;1;
24.04.2019 6:00;3,2;Ветер, дующий с юго-юго-запада;1;
24.04.2019 3:00;5,3;Ветер, дующий с юга;2;
24.04.2019 0:00;7,5;Ветер, дующий с юга;2;
23.04.2019 21:00;8,1;Ветер, дующий с юго-востока;1;
23.04.2019 18:00;11,7;Ветер, дующий с юга;2;
23.04.2019 15:00;10,1;Ветер, дующий с юго-востока;3;
23.04.2019 12:00;10,3;Ветер, дующий с юго-юго-запада;3;
23.04.2019 9:00;7;Ветер, дующий с юга;1;
23.04.2019 6:00;4;Ветер, дующий с юго-юго-востока;1;
23.04.2019 3:00;4,7;Ветер, дующий с юго-юго-востока;1;
23.04.2019 0:00;6,6;Ветер, дующий с юга;1;
22.04.2019 21:00;8,5;Ветер, дующий с юго-запада;1;
22.04.2019 18:00;10,5;Ветер, дующий с юга;2;
22.04.2019 15:00;11,5;Ветер, дующий с юго-юго-запада;1;
22.04.2019 12:00;9,6;Ветер, дующий с юга;2;
22.04.2019 9:00;6;Ветер, дующий с востоко-юго-востока;1;
22.04.2019 6:00;-3,2;Штиль, безветрие;0;Облака покрывали половину неба или менее в течение всего соответствующего периода.
22.04.2019 3:00;-2,4;Штиль, безветрие;0;
22.04.2019 0:00;-1;Штиль, безветрие;0;
21.04.2019 21:00;3,4;Штиль, безветрие;0;
21.04.2019 18:00;7,7;Ветер, дующий с западо-северо-запада;2;
21.04.2019 15:00;7,2;Ветер, дующий с запада;2;
21.04.2019 12:00;5,9;Ветер, дующий с севера;3;
21.04.2019 9:00;3,5;Ветер, дующий с северо-северо-запада;3;
21.04.2019 6:00;1,6;Ветер, дующий с западо-северо-запада;1;
21.04.2019 3:00;3;Ветер, дующий с западо-северо-запада;1;
21.04.2019 0:00;4,5;Ветер, дующий с северо-запада;1;
20.04.2019 21:00;5,8;Ветер, дующий с северо-запада;1;
20.04.2019 18:00;7,8;Ветер, дующий с запада;2;
20.04.2019 15:00;8,2;Ветер, дующий с северо-запада;3;
20.04.2019 12:00;6,7;Ветер, дующий с западо-северо-запада;2;
20.04.2019 9:00;2,4;Ветер, дующий с юго-юго-запада;1;
20.04.2019 6:00;-3,1;Штиль, безветрие;0;
20.04.2019 3:00;-3;Ветер, дующий с юго-юго-запада;1;
20.04.2019 0:00;-1,3;Штиль, безветрие;0;
19.04.2019 21:00;2;Ветер, дующий с юга;1;
19.04.2019 18:00;5,5;Ветер, дующий с юго-запада;1;
19.04.2019 15:00;5,1;Ветер, дующий с юго-юго-запада;2;
19.04.2019 12:00;3,3;Ветер, дующий с юго-юго-запада;2;
19.04.2019 9:00;-0,7;Ветер, дующий с юго-юго-запада;1;
19.04.2019 6:00;-5,7;Ветер, дующий с юго-юго-запада;1;
19.04.2019 3:00;-4,1;Ветер, дующий с юго-юго-запада;1;
19.04.2019 0:00;-2,3;Ветер, дующий с западо-юго-запада;2;
18.04.2019 21:00;-1,1;Ветер, дующий с запада;2;
18.04.2019 18:00;-0,1;Ветер, дующий с запада;4;Метель
18.04.2019 15:00;-2,3;Ветер, дующий с запада;5;Метель
18.04.2019 12:00;-5,3;Ветер, дующий с западо-северо-запада;5;Метель
18.04.2019 9:00;-8,5;Ветер, дующий с северо-запада;4;Метель
18.04.2019 6:00;-11,1;Ветер, дующий с северо-запада;5;Ливень (ливни).
18.04.2019 3:00;-9;Ветер, дующий с северо-северо-запада;5;Ливень (ливни).
18.04.2019 0:00;-8,1;Ветер, дующий с северо-северо-запада;4;Ливень (ливни).
17.04.2019 21:00;-6,8;Ветер, дующий с северо-запада;4;Ливень (ливни).
17.04.2019 18:00;-4,8;Ветер, дующий с севера;4;Ливень (ливни).
17.04.2019 15:00;-2,7;Ветер, дующий с северо-северо-запада;5;Ливень (ливни).
17.04.2019 12:00;-2,2;Ветер, дующий с севера;3;Ливень (ливни).
17.04.2019 9:00;0,3;Ветер, дующий с северо-запада;2;Ливень (ливни).
17.04.2019 6:00;1,4;Ветер, дующий с юго-запада;1;Ливень (ливни).
17.04.2019 3:00;2,6;Ветер, дующий с юго-запада;2;Ливень (ливни).
17.04.2019 0:00;3,9;Ветер, дующий с западо-юго-запада;3;
16.04.2019 21:00;4,6;Ветер, дующий с юго-запада;2;
16.04.2019 18:00;5,7;Ветер, дующий с юго-запада;5;
16.04.2019 15:00;7,2;Ветер, дующий с западо-юго-запада;6;
16.04.2019 12:00;5,2;Ветер, дующий с западо-юго-запада;5;
16.04.2019 9:00;1,2;Ветер, дующий с западо-юго-запада;3;
16.04.2019 6:00;-5,6;Ветер, дующий с юго-запада;1;
16.04.2019 3:00;-4,9;Ветер, дующий с западо-юго-запада;1;
16.04.2019 0:00;-4,6;Штиль, безветрие;0;
15.04.2019 21:00;-1,8;Штиль, безветрие;0;
15.04.2019 18:00;3,3;Ветер, дующий с северо-востока;3;
15.04.2019 15:00;3;Ветер, дующий с востоко-северо-востока;4;
15.04.2019 12:00;-0,3;Ветер, дующий с северо-востока;5;
15.04.2019 9:00;-2,5;Ветер, дующий с востоко-северо-востока;6;
15.04.2019 6:00;-2,4;Ветер, дующий с востоко-северо-востока;5;
15.04.2019 3:00;-0,8;Ветер, дующий с востоко-северо-востока;5;
15.04.2019 0:00;-0,4;Ветер, дующий с северо-северо-востока;3;Ливень (ливни).
14.04.2019 21:00;-0,2;Ветер, дующий с северо-северо-востока;1;Ливень (ливни).
14.04.2019 18:00;0,9;Ветер, дующий с северо-востока;3;Ливень (ливни).
14.04.2019 15:00;2,3;Ветер, дующий с северо-северо-востока;4;Ливень (ливни).
14.04.2019 12:00;3;Ветер, дующий с северо-востока;3;Ливень (ливни).
14.04.2019 9:00;0,6;Ветер, дующий с северо-востока;3;Ливень (ливни).
14.04.2019 6:00;2,9;Ветер, дующий с севера;3;
14.04.2019 3:00;2,9;Ветер, дующий с севера;3;
14.04.2019 0:00;3,5;Ветер, дующий с севера;2;
13.04.2019 21:00;7,6;Ветер, дующий с севера;2;
13.04.2019 18:00;15;Ветер, дующий с севера;4;
13.04.2019 15:00;18,7;Ветер, дующий с северо-запада;4;
13.04.2019 12:00;18;Ветер, дующий с запада;4;
13.04.2019 9:00;12,2;Ветер, дующий с западо-юго-запада;3;
13.04.2019 6:00;7,6;Ветер, дующий с юго-запада;2;
13.04.2019 3:00;5,3;Ветер, дующий с юго-юго-запада;1;
13.04.2019 0:00;7,1;Ветер, дующий с юго-юго-запада;1;
12.04.2019 21:00;10,4;Ветер, дующий с юга;1;
12.04.2019 18:00;17;Ветер, дующий с западо-юго-запада;3;
12.04.2019 15:00;17,2;Ветер, дующий с юго-запада;3;
12.04.2019 12:00;15;Ветер, дующий с западо-юго-запада;3;
12.04.2019 9:00;7,6;Ветер, дующий с юго-запада;2;
12.04.2019 6:00;2,1;Ветер, дующий с юго-юго-запада;1;
12.04.2019 3:00;3,2;Ветер, дующий с юга;1;
12.04.2019 0:00;4,4;Штиль, безветрие;0;
11.04.2019 21:00;8;Штиль, безветрие;0;
11.04.2019 18:00;13,3;Ветер, дующий с запада;3;
11.04.2019 15:00;13,5;Ветер, дующий с западо-юго-запада;3;
11.04.2019 12:00;11,4;Ветер, дующий с юго-запада;2;
11.04.2019 9:00;5,4;Ветер, дующий с юго-юго-запада;2;
11.04.2019 6:00;0,9;Ветер, дующий с юга;1;
11.04.2019 3:00;0;Ветер, дующий с востоко-юго-востока;1;
11.04.2019 0:00;1,4;Штиль, безветрие;0;
10.04.2019 21:00;4,9;Ветер, дующий с северо-северо-востока;1;
10.04.2019 18:00;10,9;Ветер, дующий с востоко-северо-востока;1;
10.04.2019 15:00;11,2;Ветер, дующий с востоко-северо-востока;3;
10.04.2019 12:00;10,6;Ветер, дующий с севера;3;
10.04.2019 9:00;6,3;Ветер, дующий с северо-востока;2;
10.04.2019 6:00;1,7;Ветер, дующий с севера;1;
10.04.2019 3:00;1,5;Ветер, дующий с северо-северо-запада;1;
10.04.2019 0:00;4,3;Ветер, дующий с северо-запада;1;
09.04.2019 21:00;7,7;Ветер, дующий с северо-северо-запада;1;
09.04.2019 18:00;13,1;Ветер, дующий с севера;2;
09.04.2019 15:00;13,5;Ветер, дующий с западо-юго-запада;2;
09.04.2019 12:00;11,7;Ветер, дующий с западо-юго-запада;1;
09.04.2019 9:00;4,5;Ветер, дующий с юга;2;
09.04.2019 6:00;1;Ветер, дующий с востока;1;
09.04.2019 3:00;3,1;Ветер, дующий с востоко-юго-востока;2;
09.04.2019 0:00;4,6;Ветер, дующий с юго-востока;1;
08.04.2019 21:00;5,6;Ветер, дующий с юга;1;
08.04.2019 18:00;9,8;Ветер, дующий с юго-юго-запада;2;
08.04.2019 15:00;9,8;Ветер, дующий с юго-юго-запада;3;
08.04.2019 12:00;7,5;Ветер, дующий с юго-запада;2;
08.04.2019 9:00;3,9;Ветер, дующий с юго-юго-запада;2;
08.04.2019 6:00;-2,1;Ветер, дующий с юга;1;Облака покрывали половину неба или менее в течение всего соответствующего периода.
08.04.2019 3:00;-2,3;Штиль, безветрие;0;
08.04.2019 0:00;-0,8;Штиль, безветрие;0;
07.04.2019 21:00;2,7;Штиль, безветрие;0;
07.04.2019 18:00;6,6;Ветер, дующий с севера;2;
07.04.2019 15:00;6,4;Ветер, дующий с северо-запада;2;
07.04.2019 12:00;5;Ветер, дующий с севера;2;
07.04.2019 9:00;1,6;Ветер, дующий с севера;1;
07.04.2019 6:00;-1,9;Ветер, дующий с северо-северо-запада;2;
07.04.2019 3:00;0,5;Ветер, дующий с западо-северо-запада;1;
07.04.2019 0:00;3,5;Ветер, дующий с запада;2;
06.04.2019 21:00;4,9;Ветер, дующий с запада;3;
06.04.2019 18:00;8,1;Ветер, дующий с запада;3;
06.04.2019 15:00;8,9;Ветер, дующий с запада;6;
06.04.2019 12:00;8,2;Ветер, дующий с северо-запада;3;
06.04.2019 9:00;;Штиль, безветрие;0;
06.04.2019 6:00;-1,6;Ветер, дующий с северо-запада;1;
06.04.2019 3:00;-0,9;Ветер, дующий с запада;1;
06.04.2019 0:00;1;Ветер, дующий с северо-запада;1;Ливень (ливни).
05.04.2019 21:00;0,6;Ветер, дующий с западо-северо-запада;1;Ливень (ливни).
05.04.2019 18:00;1,4;Ветер, дующий с севера;4;Ливень (ливни).
05.04.2019 15:00;1,3;Ветер, дующий с севера;4;Ливень (ливни).
05.04.2019 12:00;1,3;Ветер, дующий с севера;4;Ливень (ливни).
05.04.2019 9:00;0,1;Ветер, дующий с северо-северо-востока;4;Ливень (ливни).
05.04.2019 6:00;-0,2;Ветер, дующий с востоко-северо-востока;4;Ливень (ливни).
05.04.2019 3:00;-0,1;Ветер, дующий с северо-востока;4;Ливень (ливни).
05.04.2019 0:00;0,2;Ветер, дующий с северо-востока;4;Ливень (ливни).
04.04.2019 21:00;0,5;Ветер, дующий с востоко-северо-востока;5;Ливень (ливни).
04.04.2019 18:00;0,2;Ветер, дующий с северо-востока;3;Ливень (ливни).
04.04.2019 15:00;1;Ветер, дующий с северо-востока;6;Ливень (ливни).
04.04.2019 12:00;0,7;Ветер, дующий с северо-северо-востока;5;Ливень (ливни).
04.04.2019 9:00;0,4;Ветер, дующий с северо-востока;5;Ливень (ливни).
04.04.2019 6:00;0,2;Ветер, дующий с северо-северо-востока;4;Ливень (ливни).
04.04.2019 3:00;0,1;Ветер, дующий с северо-востока;5;Ливень (ливни).
04.04.2019 0:00;0,8;Ветер, дующий с востоко-северо-востока;6;Ливень (ливни).
03.04.2019 21:00;3,6;Ветер, дующий с востоко-северо-востока;6;
03.04.2019 18:00;4,5;Ветер, дующий с востоко-северо-востока;5;
03.04.2019 15:00;6;Ветер, дующий с востока;6;
03.04.2019 12:00;4,9;Ветер, дующий с востока;5;
03.04.2019 9:00;2,3;Ветер, дующий с востока;3;
03.04.2019 6:00;-1,1;Ветер, дующий с северо-востока;1;
03.04.2019 3:00;-1,1;Ветер, дующий с востоко-северо-востока;1;
03.04.2019 0:00;0,2;Штиль, безветрие;0;
02.04.2019 21:00;2,4;Штиль, безветрие;0;
02.04.2019 18:00;7;Ветер, дующий с западо-северо-запада;2;
02.04.2019 15:00;7,6;Ветер, дующий с запада;4;
02.04.2019 12:00;6,9;Ветер, дующий с запада;3;
02.04.2019 9:00;3,6;Ветер, дующий с западо-юго-запада;4;
02.04.2019 6:00;1,5;Ветер, дующий с юга;3;
02.04.2019 3:00;0,6;Ветер, дующий с юга;2;
02.04.2019 0:00;1,8;Ветер, дующий с юга;3;
01.04.2019 21:00;2,5;Ветер, дующий с юга;2;
01.04.2019 18:00;5,5;Ветер, дующий с юго-юго-запада;2;
01.04.2019 15:00;5,1;Ветер, дующий с западо-юго-запада;3;
01.04.2019 12:00;4,6;Ветер, дующий с юго-запада;2;
01.04.2019 9:00;-0,1;Ветер, дующий с юга;2;
01.04.2019 6:00;-2,3;Ветер, дующий с юго-запада;2;
01.04.2019 3:00;-1,4;Ветер, дующий с юго-запада;2;
01.04.2019 0:00;0,2;Ветер, дующий с юго-запада;2;Ливень (ливни).
31.03.2019 21:00;1,2;Ветер, дующий с юго-запада;3;Ливень (ливни).
31.03.2019 18:00;0,7;Ветер, дующий с юга;3;Ливень (ливни).
31.03.2019 15:00;3;Ветер, дующий с юго-запада;5;Ливень (ливни).
31.03.2019 12:00;0,8;Ветер, дующий с юга;3;Ливень (ливни).
31.03.2019 9:00;0,3;Ветер, дующий с юго-юго-запада;1;Ливень (ливни).
31.03.2019 6:00;0;Ветер, дующий с юго-запада;2;Ливень (ливни).
31.03.2019 3:00;1,1;Ветер, дующий с юго-юго-запада;2;
31.03.2019 0:00;0,9;Ветер, дующий с юго-юго-запада;2;
30.03.2019 21:00;0,7;Ветер, дующий с юго-юго-запада;2;
30.03.2019 18:00;2;Ветер, дующий с юго-юго-запада;2;
30.03.2019 15:00;1,9;Ветер, дующий с западо-юго-запада;3;
30.03.2019 12:00;1,8;Ветер, дующий с западо-юго-запада;2;Морось.
30.03.2019 9:00;1,3;Ветер, дующий с западо-юго-запада;3;Облака покрывали более половины неба в течение всего соответствующего периода.
30.03.2019 6:00;0,8;Ветер, дующий с юга;2;Туман или ледяной туман или сильная мгла.
30.03.2019 3:00;1;Ветер, дующий с юга;2;Туман или ледяной туман или сильная мгла.
30.03.2019 0:00;1,5;Ветер, дующий с юго-востока;1;Ливень (ливни).
29.03.2019 21:00;0,9;Ветер, дующий с востоко-северо-востока;3;Ливень (ливни).
29.03.2019 18:00;0,9;Ветер, дующий с востоко-северо-востока;4;Ливень (ливни).
29.03.2019 15:00;1,9;Ветер, дующий с востоко-северо-востока;5;Ливень (ливни).
29.03.2019 12:00;1;Ветер, дующий с востока;5;Ливень (ливни).
29.03.2019 9:00;0,3;Ветер, дующий с востока;4;Ливень (ливни).
29.03.2019 6:00;0,4;Ветер, дующий с востоко-северо-востока;6;Ливень (ливни).
29.03.2019 3:00;1;Ветер, дующий с востока;5;
29.03.2019 0:00;0,6;Ветер, дующий с востока;6;
28.03.2019 21:00;0,6;Ветер, дующий с востока;5;
28.03.2019 18:00;2,9;Ветер, дующий с востоко-юго-востока;5;
28.03.2019 15:00;3,7;Ветер, дующий с востоко-юго-востока;5;
28.03.2019 12:00;3,9;Ветер, дующий с юго-юго-востока;2;
28.03.2019 9:00;0,5;Штиль, безветрие;0;Облака покрывали половину неба или менее в течение всего соответствующего периода.
28.03.2019 6:00;-4,9;Ветер, дующий с юга;1;
28.03.2019 3:00;-4,1;Ветер, дующий с юго-юго-востока;1;
28.03.2019 0:00;-2,7;Ветер, дующий с юго-юго-востока;1;
27.03.2019 21:00;-1;Ветер, дующий с юго-юго-запада;1;
27.03.2019 18:00;4,5;Ветер, дующий с западо-северо-запада;1;
27.03.2019 15:00;4,8;Ветер, дующий с запада;3;
27.03.2019 12:00;3,2;Ветер, дующий с западо-юго-запада;2;
27.03.2019 9:00;-1,1;Ветер, дующий с юго-запада;2;
27.03.2019 6:00;-2;Ветер, дующий с юго-юго-запада;1;Ливень (ливни).
27.03.2019 3:00;-1,1;Ветер, дующий с юго-юго-запада;1;Ливень (ливни).
27.03.2019 0:00;0,2;Ветер, дующий с запада;1;Ливень (ливни).
26.03.2019 21:00;2,3;Ветер, дующий с юга;3;Ливень (ливни).
26.03.2019 18:00;2,9;Ветер, дующий с юго-юго-востока;7;Облака покрывали более половины неба в течение всего соответствующего периода.
26.03.2019 15:00;2,5;Ветер, дующий с юго-юго-востока;6;
26.03.2019 12:00;1;Ветер, дующий с юго-юго-востока;6;Дождь со снегом или другими видами твердых осадков
26.03.2019 9:00;1;Ветер, дующий с юго-юго-востока;6;Дождь со снегом или другими видами твердых осадков
26.03.2019 6:00;-3,6;Ветер, дующий с юго-юго-востока;3;
26.03.2019 3:00;-4,8;Ветер, дующий с востока;3;
26.03.2019 0:00;-1;Ветер, дующий с юго-востока;4;
25.03.2019 21:00;0,6;Ветер, дующий с востока;3;
25.03.2019 18:00;4,3;Ветер, дующий с юго-востока;1;
25.03.2019 15:00;3,7;Ветер, дующий с востока;4;
25.03.2019 12:00;3,3;Ветер, дующий с востока;2;
25.03.2019 9:00;-1,4;Ветер, дующий с северо-северо-востока;1;Облака покрывали более половины неба в течение всего соответствующего периода.
25.03.2019 6:00;-8,2;Штиль, безветрие;0;Облака покрывали более половины неба в течение одной части соответствующего периода и половину или менее в течение другой части периода.
25.03.2019 3:00;-4,9;Ветер, дующий с востока;1;
25.03.2019 0:00;-5,2;Штиль, безветрие;0;
24.03.2019 21:00;-1,9;Ветер, дующий с севера;1;
24.03.2019 18:00;3,4;Ветер, дующий с северо-северо-запада;2;
24.03.2019 15:00;4,6;Ветер, дующий с запада;2;
24.03.2019 12:00;3,1;Ветер, дующий с юго-запада;1;
24.03.2019 9:00;-3,4;Ветер, дующий с юго-запада;1;Облака покрывали более половины неба в течение всего соответствующего периода.
24.03.2019 6:00;-6,6;Ветер, дующий с юго-юго-запада;1;Облака покрывали более половины неба в течение одной части соответствующего периода и половину или менее в течение другой части периода.
24.03.2019 3:00;-5,9;Ветер, дующий с юго-юго-запада;1;
24.03.2019 0:00;-3,3;Ветер, дующий с юго-юго-запада;1;
23.03.2019 21:00;-1,8;Ветер, дующий с юго-востока;1;Облака покрывали половину неба или менее в течение всего соответствующего периода.
23.03.2019 18:00;2,3;Ветер, дующий с западо-юго-запада;1;Туман или ледяной туман или сильная мгла.
23.03.2019 15:00;0,8;Ветер, дующий с юго-запада;2;Туман или ледяной туман или сильная мгла.
23.03.2019 12:00;-1,5;Штиль, безветрие;0;Туман или ледяной туман или сильная мгла.
23.03.2019 9:00;-3,9;Штиль, безветрие;0;Туман или ледяной туман или сильная мгла.
23.03.2019 6:00;-6,9;Ветер, дующий с северо-востока;1;
23.03.2019 3:00;-6,1;Ветер, дующий с востока;1;
23.03.2019 0:00;-1,5;Ветер, дующий с востоко-юго-востока;1;
22.03.2019 21:00;-1,3;Ветер, дующий с юго-востока;1;
22.03.2019 18:00;2,3;Ветер, дующий с юго-юго-запада;1;
22.03.2019 15:00;2,5;Ветер, дующий с западо-юго-запада;2;
22.03.2019 12:00;-0,4;Ветер, дующий с юго-юго-востока;2;
22.03.2019 9:00;-6,4;Ветер, дующий с юго-востока;1;
22.03.2019 6:00;-8;Ветер, дующий с юго-юго-востока;1;
22.03.2019 3:00;-6,7;Ветер, дующий с юга;1;
22.03.2019 0:00;-4,2;Ветер, дующий с юга;3;
21.03.2019 21:00;-2,8;Ветер, дующий с востоко-юго-востока;4;
21.03.2019 18:00;0;Ветер, дующий с востока;4;
21.03.2019 15:00;0,5;Ветер, дующий с востоко-юго-востока;5;
21.03.2019 12:00;-1,5;Ветер, дующий с юга;5;
21.03.2019 9:00;-5,4;Ветер, дующий с юга;3;
21.03.2019 6:00;-7,8;Ветер, дующий с юга;2;
21.03.2019 3:00;-7,1;Ветер, дующий с юго-юго-востока;3;
21.03.2019 0:00;-5,7;Ветер, дующий с востоко-юго-востока;3;
20.03.2019 21:00;-4,8;Ветер, дующий с востоко-юго-востока;3;
20.03.2019 18:00;-1,4;Ветер, дующий с юго-востока;2;
20.03.2019 15:00;-0,7;Ветер, дующий с юго-юго-востока;3;
20.03.2019 12:00;-2,6;Ветер, дующий с юго-юго-востока;2;
20.03.2019 9:00;-7,9;Ветер, дующий с востоко-юго-востока;1;
20.03.2019 6:00;-9,8;Ветер, дующий с юго-юго-востока;1;
20.03.2019 3:00;-9,4;Штиль, безветрие;0;
20.03.2019 0:00;-7,5;Ветер, дующий с юго-юго-востока;1;
19.03.2019 21:00;-5,5;Штиль, безветрие;0;
19.03.2019 18:00;-2,2;Ветер, дующий с юго-запада;2;
19.03.2019 15:00;-1,7;Ветер, дующий с юго-запада;2;
19.03.2019 12:00;-4,1;Ветер, дующий с юго-юго-запада;2;
19.03.2019 9:00;-8,9;Штиль, безветрие;0;
19.03.2019 6:00;-11,3;Ветер, дующий с юго-запада;1;Облака покрывали половину неба или менее в течение всего соответствующего периода.
19.03.2019 3:00;-10,6;Ветер, дующий с юго-юго-востока;1;
19.03.2019 0:00;-9,6;Штиль, безветрие;0;
18.03.2019 21:00;-7,3;Штиль, безветрие;0;
18.03.2019 18:00;-3,4;Ветер, дующий с юго-юго-запада;2;
18.03.2019 15:00;-2,4;Ветер, дующий с западо-юго-запада;2;
18.03.2019 12:00;-4;Ветер, дующий с западо-юго-запада;1;
18.03.2019 9:00;-9,9;Ветер, дующий с юго-юго-востока;1;Облака покрывали половину неба или менее в течение всего соответствующего периода.
18.03.2019 6:00;-15,9;Штиль, безветрие;0;
18.03.2019 3:00;-13,6;Штиль, безветрие;0;
18.03.2019 0:00;-13,3;Ветер, дующий с севера;1;
17.03.2019 21:00;-9,5;Штиль, безветрие;0;
17.03.2019 18:00;-4,9;Ветер, дующий с северо-северо-запада;2;
17.03.2019 15:00;-4,8;Ветер, дующий с северо-запада;2;
17.03.2019 12:00;-5,7;Ветер, дующий с северо-северо-запада;3;Ливень (ливни).
17.03.2019 9:00;-6,9;Ветер, дующий с западо-северо-запада;2;Ливень (ливни).
17.03.2019 6:00;-6,9;Ветер, дующий с юго-запада;2;Ливень (ливни).
17.03.2019 3:00;-7,2;Ветер, дующий с западо-юго-запада;4;Облака покрывали более половины неба в течение одной части соответствующего периода и половину или менее в течение другой части периода.
17.03.2019 0:00;-7;Ветер, дующий с западо-юго-запада;3;Ливень (ливни).
16.03.2019 21:00;-5,9;Ветер, дующий с западо-юго-запада;3;Ливень (ливни).
16.03.2019 18:00;-4,4;Ветер, дующий с западо-юго-запада;3;Ливень (ливни).
16.03.2019 15:00;-3,6;Ветер, дующий с западо-юго-запада;6;Ливень (ливни).
16.03.2019 12:00;-4,7;Ветер, дующий с юго-запада;5;Ливень (ливни).
16.03.2019 9:00;-6,6;Ветер, дующий с юго-запада;3;Ливень (ливни).
16.03.2019 6:00;-6,3;Ветер, дующий с юго-юго-запада;3;
16.03.2019 3:00;-5,2;Ветер, дующий с юго-запада;3;
16.03.2019 0:00;-3,4;Ветер, дующий с юго-юго-востока;3;
15.03.2019 21:00;-2,4;Ветер, дующий с юго-юго-востока;3;
15.03.2019 18:00;-1,1;Ветер, дующий с юга;4;
15.03.2019 15:00;2,3;Ветер, дующий с юго-юго-запада;4;
15.03.2019 12:00;1,9;Ветер, дующий с юго-юго-запада;3;
15.03.2019 9:00;1,8;Ветер, дующий с юго-юго-востока;2;
15.03.2019 6:00;-0,2;Ветер, дующий с юго-юго-востока;3;
15.03.2019 3:00;-0,9;Ветер, дующий с юго-юго-востока;3;
15.03.2019 0:00;-0,7;Ветер, дующий с юга;4;
14.03.2019 21:00;-0,4;Ветер, дующий с юга;3;
14.03.2019 18:00;1,9;Ветер, дующий с юга;3;
14.03.2019 15:00;3,3;Ветер, дующий с юга;3;
14.03.2019 12:00;2,9;Ветер, дующий с юга;2;
14.03.2019 9:00;-0,7;Ветер, дующий с юго-востока;3;
14.03.2019 6:00;-0,7;Ветер, дующий с юго-юго-запада;1;
14.03.2019 3:00;0,7;Ветер, дующий с юга;1;
14.03.2019 0:00;1,2;Ветер, дующий с юга;2;
13.03.2019 21:00;1;Ветер, дующий с юго-юго-запада;2;
13.03.2019 18:00;2,8;Ветер, дующий с юго-запада;3;
13.03.2019 15:00;3,4;Ветер, дующий с юго-запада;4;
13.03.2019 12:00;-0,6;Ветер, дующий с юго-юго-востока;4;
13.03.2019 9:00;-4;Ветер, дующий с юга;4;
13.03.2019 6:00;-4,9;Ветер, дующий с юга;2;
13.03.2019 3:00;-4,1;Ветер, дующий с юга;3;
13.03.2019 0:00;-2,2;Ветер, дующий с юга;2;
12.03.2019 21:00;-1,1;Ветер, дующий с юга;3;
12.03.2019 18:00;0,8;Ветер, дующий с юго-юго-запада;3;
12.03.2019 15:00;2,1;Ветер, дующий с юго-юго-запада;4;
12.03.2019 12:00;2,5;Ветер, дующий с юго-юго-запада;2;
12.03.2019 9:00;-0,1;Ветер, дующий с юго-юго-запада;2;
12.03.2019 6:00;0,3;Ветер, дующий с юго-запада;2;
12.03.2019 3:00;0,1;Ветер, дующий с юго-запада;2;
12.03.2019 0:00;0,5;Ветер, дующий с юго-юго-запада;2;Ливень (ливни).
11.03.2019 21:00;0,1;Ветер, дующий с юго-юго-запада;1;Ливень (ливни).
11.03.2019 18:00;0,7;Ветер, дующий с юго-запада;2;Ливень (ливни).
11.03.2019 15:00;0,8;Ветер, дующий с юго-запада;2;Ливень (ливни).
11.03.2019 12:00;-1,2;Ветер, дующий с юго-запада;2;Ливень (ливни).
11.03.2019 9:00;-3,1;Ветер, дующий с юго-запада;2;Ливень (ливни).
11.03.2019 6:00;-4;Ветер, дующий с юга;2;Ливень (ливни).
11.03.2019 3:00;-4,7;Ветер, дующий с юга;2;Ливень (ливни).
11.03.2019 0:00;-5,9;Ветер, дующий с юга;3;Ливень (ливни).
10.03.2019 21:00;-6,6;Ветер, дующий с юга;4;
10.03.2019 18:00;-7,6;Ветер, дующий с юга;4;
10.03.2019 15:00;-5,9;Ветер, дующий с юго-юго-запада;3;
10.03.2019 12:00;-7,9;Ветер, дующий с юга;3;
10.03.2019 9:00;-11,9;Ветер, дующий с юго-юго-востока;2;
10.03.2019 6:00;-11,2;Ветер, дующий с юго-юго-запада;2;
10.03.2019 3:00;-9,5;Ветер, дующий с юго-юго-запада;2;
10.03.2019 0:00;-8,1;Ветер, дующий с юга;2;
09.03.2019 21:00;-6,9;Ветер, дующий с юго-запада;2;
09.03.2019 18:00;-3,7;Ветер, дующий с юго-запада;2;
09.03.2019 15:00;-3,3;Ветер, дующий с юго-юго-запада;3;
09.03.2019 12:00;-6,8;Ветер, дующий с юго-запада;3;
09.03.2019 9:00;-14,2;Ветер, дующий с юго-юго-запада;2;
09.03.2019 6:00;-13,6;Ветер, дующий с юго-юго-запада;1;
09.03.2019 3:00;-11,2;Ветер, дующий с юго-запада;1;
09.03.2019 0:00;-9,5;Ветер, дующий с западо-юго-запада;3;
08.03.2019 21:00;-7,7;Ветер, дующий с западо-юго-запада;3;
08.03.2019 18:00;-4;Ветер, дующий с запада;3;
08.03.2019 15:00;-2,2;Ветер, дующий с запада;4;
08.03.2019 12:00;-2,3;Ветер, дующий с запада;2;Ливень (ливни).
08.03.2019 9:00;-4,5;Ветер, дующий с северо-запада;3;Ливень (ливни).
08.03.2019 6:00;-0,6;Ветер, дующий с западо-северо-запада;4;Ливень (ливни).
08.03.2019 3:00;-0,5;Ветер, дующий с юго-запада;3;Ливень (ливни).
08.03.2019 0:00;-0,9;Ветер, дующий с юго-юго-запада;4;Ливень (ливни).
07.03.2019 21:00;0,9;Ветер, дующий с юго-юго-запада;4;Ливень (ливни).
07.03.2019 18:00;1,3;Ветер, дующий с юго-запада;4;Ливень (ливни).
07.03.2019 15:00;2,4;Ветер, дующий с юго-запада;5;
07.03.2019 12:00;2,5;Ветер, дующий с юго-запада;4;Ливень (ливни).
07.03.2019 9:00;0,6;Ветер, дующий с юго-юго-запада;3;Ливень (ливни).
07.03.2019 6:00;-0,2;Ветер, дующий с юго-юго-запада;3;Ливень (ливни).
07.03.2019 3:00;0;Ветер, дующий с юго-юго-запада;3;
07.03.2019 0:00;-1,1;Ветер, дующий с юго-юго-запада;3;Ливень (ливни).
06.03.2019 21:00;-1,6;Ветер, дующий с юга;2;Ливень (ливни).
06.03.2019 18:00;-2,2;Ветер, дующий с юга;2;Ливень (ливни).
06.03.2019 15:00;-3,1;Ветер, дующий с юго-юго-запада;2;Ливень (ливни).
06.03.2019 12:00;-3,2;Ветер, дующий с юго-юго-запада;1;Снег и/или другие виды твердых осадков
06.03.2019 9:00;-8,6;Ветер, дующий с юго-юго-запада;1;Снег и/или другие виды твердых осадков
06.03.2019 6:00;-8,6;Ветер, дующий с юго-юго-запада;1;Снег и/или другие виды твердых осадков
06.03.2019 3:00;-9,8;Ветер, дующий с юго-востока;1;Снег и/или другие виды твердых осадков
06.03.2019 0:00;-9,8;Ветер, дующий с юга;1;
05.03.2019 21:00;-8,5;Ветер, дующий с юго-юго-востока;1;
05.03.2019 18:00;-8,5;Ветер, дующий с юго-юго-востока;1;
05.03.2019 15:00;-8,2;Ветер, дующий с юга;3;Ливень (ливни).
05.03.2019 12:00;-8,2;Ветер, дующий с юга;3;Ливень (ливни).
05.03.2019 9:00;-10,1;Ветер, дующий с юго-юго-востока;2;Ливень (ливни).
05.03.2019 6:00;-9,8;Ветер, дующий с юга;3;Ливень (ливни).
05.03.2019 3:00;-11,4;Ветер, дующий с юга;2;
05.03.2019 0:00;-10,3;Ветер, дующий с юга;2;
04.03.2019 21:00;-8,1;Ветер, дующий с юго-запада;3;
04.03.2019 18:00;-4,4;Ветер, дующий с юго-запада;4;
04.03.2019 15:00;-3,6;Ветер, дующий с юго-запада;3;
04.03.2019 12:00;-2,1;Ветер, дующий с юго-юго-запада;4;Метель
04.03.2019 9:00;-5,2;Ветер, дующий с юго-запада;3;Метель
04.03.2019 6:00;-4,3;Ветер, дующий с юго-запада;4;Ливень (ливни).
04.03.2019 3:00;-1,5;Ветер, дующий с юго-запада;6;Ливень (ливни).
04.03.2019 0:00;-0,2;Ветер, дующий с юго-запада;5;Ливень (ливни).
03.03.2019 21:00;-0,5;Ветер, дующий с юго-юго-запада;4;Ливень (ливни).
03.03.2019 18:00;-1,3;Ветер, дующий с юго-юго-запада;4;Ливень (ливни).
03.03.2019 15:00;-1,2;Ветер, дующий с юго-запада;6;Ливень (ливни).
03.03.2019 12:00;-2,4;Ветер, дующий с юго-юго-востока;6;Ливень (ливни).
03.03.2019 9:00;-6,1;Ветер, дующий с юго-востока;7;Ливень (ливни).
03.03.2019 6:00;-6,7;Ветер, дующий с юго-востока;5;Ливень (ливни).
03.03.2019 3:00;-7;Ветер, дующий с востоко-юго-востока;5;Ливень (ливни).
03.03.2019 0:00;-8,3;Ветер, дующий с востоко-юго-востока;5;
02.03.2019 21:00;-10,5;Ветер, дующий с востоко-юго-востока;2;
02.03.2019 18:00;-9,3;Ветер, дующий с востоко-юго-востока;3;
02.03.2019 15:00;-5,9;Ветер, дующий с юго-юго-востока;3;
02.03.2019 12:00;-9,7;Ветер, дующий с юга;3;
02.03.2019 9:00;-15,5;Ветер, дующий с юго-юго-запада;2;
02.03.2019 6:00;-13,4;Ветер, дующий с юго-юго-запада;1;
02.03.2019 3:00;-10,7;Ветер, дующий с юго-юго-запада;1;
02.03.2019 0:00;-9,5;Ветер, дующий с юго-юго-запада;2;
01.03.2019 21:00;-10,3;Ветер, дующий с юго-запада;1;
01.03.2019 18:00;-8,8;Ветер, дующий с юго-юго-запада;2;Ливень (ливни).
01.03.2019 15:00;-6,9;Ветер, дующий с юго-юго-запада;3;Ливень (ливни).
01.03.2019 12:00;-11,4;Ветер, дующий с юга;3;Ливень (ливни).
01.03.2019 9:00;-16,2;Ветер, дующий с юга;2;Снег и/или другие виды твердых осадков
01.03.2019 6:00;-17,8;Ветер, дующий с юго-юго-запада;1;Снег и/или другие виды твердых осадков
01.03.2019 3:00;-17,5;Ветер, дующий с юго-юго-запада;1;Снег и/или другие виды твердых осадков
01.03.2019 0:00;-16,2;Ветер, дующий с юго-запада;1;Облака покрывали половину неба или менее в течение всего соответствующего периода.
28.02.2019 21:00;-13,9;Ветер, дующий с юго-запада;1;
28.02.2019 18:00;-9,6;Ветер, дующий с юго-запада;2;
28.02.2019 15:00;-7,1;Ветер, дующий с юго-юго-запада;1;
28.02.2019 12:00;-11;Ветер, дующий с юго-запада;1;Снег и/или другие виды твердых осадков
28.02.2019 9:00;-17;Ветер, дующий с юго-юго-запада;1;Снег и/или другие виды твердых осадков
28.02.2019 6:00;-17,5;Ветер, дующий с юго-юго-запада;1;Снег и/или другие виды твердых осадков
28.02.2019 3:00;-16,1;Ветер, дующий с юго-юго-запада;2;Снег и/или другие виды твердых осадков
28.02.2019 0:00;-15,2;Ветер, дующий с юго-юго-запада;1;
27.02.2019 21:00;-13,8;Ветер, дующий с юго-юго-запада;2;
27.02.2019 18:00;-10;Ветер, дующий с юго-юго-запада;2;Снег и/или другие виды твердых осадков
27.02.2019 15:00;-7,8;Ветер, дующий с юго-запада;3;Снег и/или другие виды твердых осадков
27.02.2019 12:00;-9,5;Ветер, дующий с западо-юго-запада;2;Снег и/или другие виды твердых осадков
27.02.2019 9:00;-12,5;Ветер, дующий с юго-юго-запада;1;Снег и/или другие виды твердых осадков
27.02.2019 6:00;-11,4;Ветер, дующий с запада;1;Снег и/или другие виды твердых осадков
27.02.2019 3:00;-10,5;Штиль, безветрие;0;Снег и/или другие виды твердых осадков
27.02.2019 0:00;-10,5;Штиль, безветрие;0;Снег и/или другие виды твердых осадков
26.02.2019 21:00;-10,5;Ветер, дующий с востока;1;Снег и/или другие виды твердых осадков
26.02.2019 18:00;-9,5;Ветер, дующий с юга;2;
26.02.2019 15:00;-9,9;Ветер, дующий с юга;2;
26.02.2019 12:00;-12,5;Ветер, дующий с юго-юго-запада;2;Снег и/или другие виды твердых осадков
26.02.2019 9:00;-17,9;Ветер, дующий с юго-юго-запада;2;
26.02.2019 6:00;-16,5;Ветер, дующий с юго-юго-запада;2;
26.02.2019 3:00;-13,7;Ветер, дующий с юго-запада;2;
26.02.2019 0:00;-12,2;Ветер, дующий с юго-юго-запада;2;
25.02.2019 21:00;-13,3;Ветер, дующий с юго-юго-запада;2;
25.02.2019 18:00;-12,9;Ветер, дующий с юго-запада;3;
25.02.2019 15:00;-11,7;Ветер, дующий с юго-юго-запада;3;
25.02.2019 12:00;-13,3;Ветер, дующий с юго-юго-запада;2;
25.02.2019 9:00;-17,5;Ветер, дующий с юго-юго-запада;2;
25.02.2019 6:00;-15,6;Ветер, дующий с юго-запада;2;
25.02.2019 3:00;-14,5;Ветер, дующий с юго-запада;2;
25.02.2019 0:00;-13,8;Ветер, дующий с юго-запада;2;
24.02.2019 21:00;-12,6;Ветер, дующий с юго-запада;3;
24.02.2019 18:00;-9,5;Ветер, дующий с юго-запада;3;
24.02.2019 15:00;-7,7;Ветер, дующий с западо-юго-запада;3;
24.02.2019 12:00;-8;Ветер, дующий с юго-запада;3;Ливень (ливни).
24.02.2019 9:00;-8,8;Ветер, дующий с юго-запада;2;Ливень (ливни).
24.02.2019 6:00;-10,5;Ветер, дующий с юго-юго-запада;1;Ливень (ливни).
24.02.2019 3:00;-11,7;Ветер, дующий с юго-юго-запада;2;Ливень (ливни).
24.02.2019 0:00;-12,6;Ветер, дующий с юго-юго-запада;2;
23.02.2019 21:00;-10,7;Ветер, дующий с юга;2;
23.02.2019 18:00;-8,3;Ветер, дующий с юга;3;
23.02.2019 15:00;-6,5;Ветер, дующий с юга;4;
23.02.2019 12:00;-8,2;Ветер, дующий с юга;3;
23.02.2019 9:00;-12,2;Ветер, дующий с юга;2;
23.02.2019 6:00;-10,9;Ветер, дующий с юго-юго-запада;2;
23.02.2019 3:00;-10,5;Ветер, дующий с юго-юго-запада;2;
23.02.2019 0:00;-9,9;Ветер, дующий с юго-юго-запада;1;
22.02.2019 21:00;-8,1;Ветер, дующий с юго-юго-запада;2;
22.02.2019 18:00;-5,9;Ветер, дующий с юго-запада;3;
22.02.2019 15:00;-3,8;Ветер, дующий с юго-запада;3;
22.02.2019 12:00;-6,5;Ветер, дующий с юго-юго-запада;3;
22.02.2019 9:00;-12,7;Ветер, дующий с юго-юго-запада;1;
22.02.2019 6:00;-11,5;Ветер, дующий с юго-запада;2;
22.02.2019 3:00;-12,9;Ветер, дующий с юго-юго-запада;2;
22.02.2019 0:00;-14,9;Ветер, дующий с юго-юго-запада;2;
21.02.2019 21:00;-13,8;Ветер, дующий с юго-юго-запада;2;
21.02.2019 18:00;-10,9;Ветер, дующий с юго-юго-запада;3;
21.02.2019 15:00;-9,5;Ветер, дующий с юго-юго-запада;2;
21.02.2019 12:00;-10,5;Ветер, дующий с юго-запада;1;Снег и/или другие виды твердых осадков
21.02.2019 9:00;-13,2;Ветер, дующий с юго-юго-запада;1;Туман или ледяной туман или сильная мгла.
21.02.2019 6:00;-12,2;Ветер, дующий с юго-юго-запада;1;Снег и/или другие виды твердых осадков
21.02.2019 3:00;-10,1;Ветер, дующий с юго-юго-запада;1;Снег и/или другие виды твердых осадков
21.02.2019 0:00;-7,1;Ветер, дующий с юго-запада;1;Ливень (ливни).
20.02.2019 21:00;-7;Ветер, дующий с юго-юго-запада;1;Ливень (ливни).
20.02.2019 18:00;-4,1;Ветер, дующий с юго-юго-запада;2;
20.02.2019 15:00;-3,3;Ветер, дующий с юго-запада;1;
20.02.2019 12:00;-7,8;Ветер, дующий с юга;2;
20.02.2019 9:00;-9,6;Ветер, дующий с юга;1;
20.02.2019 6:00;-8,5;Ветер, дующий с юго-юго-запада;1;
20.02.2019 3:00;-5,7;Ветер, дующий с юго-юго-запада;2;
20.02.2019 0:00;-2,3;Ветер, дующий с юго-запада;3;Ливень (ливни).
19.02.2019 21:00;-0,7;Ветер, дующий с юго-запада;3;Ливень (ливни).
19.02.2019 18:00;-3,6;Ветер, дующий с востоко-юго-востока;4;Ливень (ливни).
19.02.2019 15:00;-3,5;Ветер, дующий с юго-востока;3;Ливень (ливни).
19.02.2019 12:00;-5,8;Ветер, дующий с юга;3;Снег и/или другие виды твердых осадков
19.02.2019 9:00;-8,9;Ветер, дующий с юга;1;Снег и/или другие виды твердых осадков
19.02.2019 6:00;-8,3;Ветер, дующий с юго-юго-запада;2;Снег и/или другие виды твердых осадков
19.02.2019 3:00;-8,4;Ветер, дующий с юго-юго-запада;2;Снег и/или другие виды твердых осадков
19.02.2019 0:00;-8,9;Ветер, дующий с юго-запада;1;Снег и/или другие виды твердых осадков
18.02.2019 21:00;-9,7;Штиль, безветрие;0;Снег и/или другие виды твердых осадков
18.02.2019 18:00;-8,9;Ветер, дующий с северо-северо-запада;1;Снег и/или другие виды твердых осадков
18.02.2019 15:00;-6,7;Ветер, дующий с северо-северо-запада;2;Снег и/или другие виды твердых осадков
18.02.2019 12:00;-8,3;Ветер, дующий с северо-северо-востока;2;Снег и/или другие виды твердых осадков
18.02.2019 9:00;-11,7;Ветер, дующий с востоко-северо-востока;2;Снег и/или другие виды твердых осадков
18.02.2019 6:00;-15,4;Ветер, дующий с северо-северо-востока;1;
18.02.2019 3:00;-13,8;Штиль, безветрие;0;
18.02.2019 0:00;-12,6;Ветер, дующий с юга;1;Снег и/или другие виды твердых осадков
17.02.2019 21:00;-10,5;Ветер, дующий с юга;1;Снег и/или другие виды твердых осадков
17.02.2019 18:00;-8,4;Ветер, дующий с юго-юго-запада;2;Снег и/или другие виды твердых осадков
17.02.2019 15:00;-7,8;Ветер, дующий с юга;2;
17.02.2019 12:00;-8,8;Ветер, дующий с юго-запада;1;Снег и/или другие виды твердых осадков
17.02.2019 9:00;-9,9;Ветер, дующий с западо-юго-запада;1;Снег и/или другие виды твердых осадков
17.02.2019 6:00;-9,4;Ветер, дующий с юга;1;Снег и/или другие виды твердых осадков
17.02.2019 3:00;-11,4;Ветер, дующий с юга;2;
17.02.2019 0:00;-11,3;Ветер, дующий с юга;1;
16.02.2019 21:00;-10,3;Ветер, дующий с юга;2;
16.02.2019 18:00;-8,5;Ветер, дующий с юга;2;Ливень (ливни).
16.02.2019 15:00;-7,7;Ветер, дующий с юго-запада;2;Ливень (ливни).
16.02.2019 12:00;-10,4;Ветер, дующий с юго-запада;2;Снег и/или другие виды твердых осадков
16.02.2019 9:00;-13,4;Ветер, дующий с юго-запада;2;
16.02.2019 6:00;-15,1;Ветер, дующий с юго-запада;1;
16.02.2019 3:00;-14,4;Ветер, дующий с юго-запада;2;
16.02.2019 0:00;-13,7;Ветер, дующий с юго-юго-запада;1;
15.02.2019 21:00;-12,2;Ветер, дующий с юго-юго-запада;2;
15.02.2019 18:00;-9,9;Ветер, дующий с юго-юго-запада;3;
15.02.2019 15:00;-7,9;Ветер, дующий с юга;3;
15.02.2019 12:00;-11,3;Ветер, дующий с юга;3;
15.02.2019 9:00;-14,9;Ветер, дующий с юга;2;
15.02.2019 6:00;-15,7;Ветер, дующий с юга;1;
15.02.2019 3:00;-16,1;Ветер, дующий с юга;1;
15.02.2019 0:00;-15,6;Ветер, дующий с юго-юго-запада;2;
14.02.2019 21:00;-14;Ветер, дующий с юга;1;
14.02.2019 18:00;-9,1;Ветер, дующий с юго-юго-запада;2;
14.02.2019 15:00;-6,9;Ветер, дующий с юго-юго-запада;2;
14.02.2019 12:00;-10,1;Ветер, дующий с юго-запада;1;
14.02.2019 9:00;-17,1;Ветер, дующий с юго-запада;1;
14.02.2019 6:00;-15,8;Ветер, дующий с юго-запада;1;
14.02.2019 3:00;-14,6;Ветер, дующий с западо-юго-запада;1;
14.02.2019 0:00;-12,8;Ветер, дующий с западо-юго-запада;1;
13.02.2019 21:00;-12,5;Ветер, дующий с юго-запада;1;
13.02.2019 18:00;-9,3;Ветер, дующий с юго-запада;2;
13.02.2019 15:00;-7,3;Ветер, дующий с западо-юго-запада;2;
13.02.2019 12:00;-10,9;Ветер, дующий с западо-юго-запада;2;Снег и/или другие виды твердых осадков
13.02.2019 9:00;-9,4;Ветер, дующий с западо-юго-запада;2;Снег и/или другие виды твердых осадков
13.02.2019 6:00;-11;Ветер, дующий с западо-юго-запада;1;Снег и/или другие виды твердых осадков
13.02.2019 3:00;-14;Ветер, дующий с запада;2;Снег и/или другие виды твердых осадков
13.02.2019 0:00;-15,6;Ветер, дующий с западо-юго-запада;2;Снег и/или другие виды твердых осадков
12.02.2019 21:00;-15,3;Ветер, дующий с юго-юго-запада;1;Снег и/или другие виды твердых осадков
12.02.2019 18:00;-14,5;Ветер, дующий с юго-юго-запада;2;Снег и/или другие виды твердых осадков
12.02.2019 15:00;-14,9;Ветер, дующий с юго-юго-запада;2;Снег и/или другие виды твердых осадков
12.02.2019 12:00;-18,7;Ветер, дующий с юго-юго-запада;1;Снег и/или другие виды твердых осадков
12.02.2019 9:00;-22,9;Ветер, дующий с юго-юго-запада;1;Облака покрывали более половины неба в течение одной части соответствующего периода и половину или менее в течение другой части периода.
12.02.2019 6:00;-23,2;Ветер, дующий с юго-юго-запада;1;
12.02.2019 3:00;-23,4;Штиль, безветрие;0;
12.02.2019 0:00;-21,4;Штиль, безветрие;0;
11.02.2019 21:00;-20,2;Штиль, безветрие;0;
11.02.2019 18:00;-15,2;Штиль, безветрие;0;Снег и/или другие виды твердых осадков
11.02.2019 15:00;-13,4;Ветер, дующий с юго-юго-запада;1;Снег и/или другие виды твердых осадков
11.02.2019 12:00;-16,5;Ветер, дующий с юга;2;Снег и/или другие виды твердых осадков
11.02.2019 9:00;-19,8;Ветер, дующий с юга;1;Снег и/или другие виды твердых осадков
11.02.2019 6:00;-19,6;Ветер, дующий с юго-юго-запада;2;Снег и/или другие виды твердых осадков
11.02.2019 3:00;-19,7;Ветер, дующий с юго-юго-запада;1;Снег и/или другие виды твердых осадков
11.02.2019 0:00;-20,5;Ветер, дующий с юго-юго-запада;1;
10.02.2019 21:00;-20,6;Ветер, дующий с юго-запада;1;
10.02.2019 18:00;-19,8;Ветер, дующий с юго-юго-запада;1;Снег и/или другие виды твердых осадков
10.02.2019 15:00;-17,4;Ветер, дующий с севера;1;Снег и/или другие виды твердых осадков
10.02.2019 12:00;-20,4;Ветер, дующий с востока;1;Снег и/или другие виды твердых осадков
10.02.2019 9:00;-27,5;Штиль, безветрие;0;Снег и/или другие виды твердых осадков
10.02.2019 6:00;-24,7;Ветер, дующий с севера;1;Снег и/или другие виды твердых осадков
10.02.2019 3:00;-21,5;Ветер, дующий с востока;3;Снег и/или другие виды твердых осадков
10.02.2019 0:00;-20,8;Ветер, дующий с востока;2;Снег и/или другие виды твердых осадков
09.02.2019 21:00;-20,9;Ветер, дующий с юго-востока;4;Снег и/или другие виды твердых осадков
09.02.2019 18:00;-21,4;Ветер, дующий с востоко-юго-востока;4;Снег и/или другие виды твердых осадков
09.02.2019 15:00;-21,7;Ветер, дующий с юго-востока;4;Снег и/или другие виды твердых осадков
09.02.2019 12:00;-23,8;Ветер, дующий с юго-востока;5;
09.02.2019 9:00;-23,8;Ветер, дующий с востоко-юго-востока;4;
09.02.2019 6:00;-25;Ветер, дующий с юго-востока;4;
09.02.2019 3:00;-25,6;Ветер, дующий с юго-юго-востока;4;
09.02.2019 0:00;-28;Ветер, дующий с юго-юго-востока;4;
08.02.2019 21:00;-28,9;Ветер, дующий с юго-востока;4;
08.02.2019 18:00;-28;Ветер, дующий с юго-востока;4;
08.02.2019 15:00;-25,5;Ветер, дующий с юго-юго-востока;2;
08.02.2019 12:00;-28,4;Ветер, дующий с юга;3;Снег и/или другие виды твердых осадков
08.02.2019 9:00;-38,7;Штиль, безветрие;0;Снег и/или другие виды твердых осадков
08.02.2019 6:00;-37,6;Штиль, безветрие;0;Снег и/или другие виды твердых осадков
08.02.2019 3:00;-37,4;Штиль, безветрие;0;Снег и/или другие виды твердых осадков
08.02.2019 0:00;-36,7;Штиль, безветрие;0;
07.02.2019 21:00;-34;Штиль, безветрие;0;
07.02.2019 18:00;-29,9;Ветер, дующий с севера;1;
07.02.2019 15:00;-26,5;Штиль, безветрие;0;
07.02.2019 12:00;-30,5;Ветер, дующий с севера;1;Снег и/или другие виды твердых осадков
07.02.2019 9:00;-37,3;Штиль, безветрие;0;Снег и/или другие виды твердых осадков
07.02.2019 6:00;-34,1;Ветер, дующий с северо-северо-запада;1;
07.02.2019 3:00;-35,3;Ветер, дующий с северо-запада;1;
07.02.2019 0:00;-32,2;Ветер, дующий с северо-северо-запада;1;
06.02.2019 21:00;-30,6;Ветер, дующий с севера;1;
06.02.2019 18:00;-28,6;Ветер, дующий с северо-северо-запада;1;
06.02.2019 15:00;-28,4;Ветер, дующий с северо-северо-запада;2;
06.02.2019 12:00;-31,1;Ветер, дующий с северо-северо-запада;2;
06.02.2019 9:00;-35;Ветер, дующий с севера;1;
06.02.2019 6:00;-32,7;Ветер, дующий с севера;1;
06.02.2019 3:00;-31,2;Ветер, дующий с северо-северо-востока;3;
06.02.2019 0:00;-30,3;Ветер, дующий с северо-северо-востока;3;
05.02.2019 21:00;-29,1;Ветер, дующий с северо-северо-востока;4;
05.02.2019 18:00;-28,1;Ветер, дующий с северо-северо-востока;3;
05.02.2019 15:00;-26,3;Ветер, дующий с северо-востока;3;
05.02.2019 12:00;-29,3;Ветер, дующий с востоко-северо-востока;4;
05.02.2019 9:00;-34,8;Ветер, дующий с северо-востока;2;
05.02.2019 6:00;-35,3;Ветер, дующий с северо-востока;2;
05.02.2019 3:00;-34,3;Ветер, дующий с востоко-северо-востока;2;
05.02.2019 0:00;-33,8;Ветер, дующий с востоко-северо-востока;3;
04.02.2019 21:00;-31,7;Ветер, дующий с востоко-северо-востока;3;
04.02.2019 18:00;-29,9;Ветер, дующий с востоко-северо-востока;2;
04.02.2019 15:00;-28,5;Ветер, дующий с востока;3;
04.02.2019 12:00;-29,8;Ветер, дующий с востока;4;
04.02.2019 9:00;-32,4;Ветер, дующий с востоко-северо-востока;1;
04.02.2019 6:00;-32,2;Ветер, дующий с востоко-северо-востока;2;
04.02.2019 3:00;-30;Ветер, дующий с востоко-северо-востока;2;
04.02.2019 0:00;-27;Ветер, дующий с востоко-северо-востока;2;
03.02.2019 21:00;-25,3;Ветер, дующий с востоко-северо-востока;3;
03.02.2019 18:00;-24,9;Ветер, дующий с северо-востока;1;
03.02.2019 15:00;-25,2;Ветер, дующий с востока;2;
03.02.2019 12:00;-26,8;Ветер, дующий с востока;4;
03.02.2019 9:00;-27,2;Ветер, дующий с востоко-северо-востока;2;
03.02.2019 6:00;-27,6;Ветер, дующий с северо-востока;1;Снег и/или другие виды твердых осадков
03.02.2019 3:00;-26,8;Ветер, дующий с северо-востока;2;Снег и/или другие виды твердых осадков
03.02.2019 0:00;-25;Ветер, дующий с востоко-северо-востока;1;Снег и/или другие виды твердых осадков
02.02.2019 21:00;-23,9;Ветер, дующий с северо-северо-востока;1;Снег и/или другие виды твердых осадков
02.02.2019 18:00;-21;Ветер, дующий с востока;3;Снег и/или другие виды твердых осадков
02.02.2019 15:00;-19,8;Ветер, дующий с востоко-юго-востока;3;Снег и/или другие виды твердых осадков
02.02.2019 12:00;-21,5;Ветер, дующий с юго-востока;4;Снег и/или другие виды твердых осадков
02.02.2019 9:00;-23,1;Ветер, дующий с юго-востока;5;Снег и/или другие виды твердых осадков
02.02.2019 6:00;-24,3;Ветер, дующий с востоко-юго-востока;4;Снег и/или другие виды твердых осадков
02.02.2019 3:00;-25,1;Ветер, дующий с юго-востока;4;Снег и/или другие виды твердых осадков
02.02.2019 0:00;-25,6;Ветер, дующий с юго-востока;4;Снег и/или другие виды твердых осадков
01.02.2019 21:00;-25,9;Ветер, дующий с юго-востока;3;
01.02.2019 18:00;-25,2;Ветер, дующий с юго-востока;3;
01.02.2019 15:00;-23,5;Ветер, дующий с юго-востока;2;
01.02.2019 12:00;-24,9;Ветер, дующий с юга;1;Снег и/или другие виды твердых осадков
01.02.2019 9:00;-30,7;Штиль, безветрие;0;Снег и/или другие виды твердых осадков
01.02.2019 6:00;-33,2;Штиль, безветрие;0;Снег и/или другие виды твердых осадков
01.02.2019 3:00;-33,7;Штиль, безветрие;0;
01.02.2019 0:00;-29,1;Ветер, дующий с северо-северо-востока;1;
31.01.2019 21:00;-27,5;Ветер, дующий с северо-северо-востока;3;
31.01.2019 18:00;-25,4;Ветер, дующий с северо-северо-востока;3;Метель
31.01.2019 15:00;-22,4;Ветер, дующий с северо-северо-востока;4;Метель
31.01.2019 12:00;-22,7;Ветер, дующий с северо-северо-востока;5;Метель
31.01.2019 9:00;-22;Ветер, дующий с северо-северо-востока;4;Метель
31.01.2019 6:00;-19,1;Ветер, дующий с северо-востока;5;Ливень (ливни).
31.01.2019 3:00;-16,2;Ветер, дующий с северо-северо-востока;5;Ливень (ливни).
31.01.2019 0:00;-14,2;Ветер, дующий с северо-северо-востока;5;Ливень (ливни).
30.01.2019 21:00;-14,1;Ветер, дующий с северо-северо-востока;2;
30.01.2019 18:00;-14,3;Ветер, дующий с востоко-северо-востока;2;
30.01.2019 15:00;-13,4;Ветер, дующий с юго-запада;1;
30.01.2019 12:00;-16,2;Ветер, дующий с юга;1;
30.01.2019 9:00;-18,1;Ветер, дующий с юго-юго-запада;1;
30.01.2019 6:00;-19,6;Ветер, дующий с юго-юго-запада;2;
30.01.2019 3:00;-21,8;Ветер, дующий с юго-юго-запада;1;
30.01.2019 0:00;-22,5;Ветер, дующий с юго-юго-запада;2;
29.01.2019 21:00;-23,5;Ветер, дующий с юга;2;
29.01.2019 18:00;-22,4;Ветер, дующий с юга;2;
29.01.2019 15:00;-20,1;Ветер, дующий с юга;3;
29.01.2019 12:00;-22,8;Ветер, дующий с юга;3;Снег и/или другие виды твердых осадков
29.01.2019 9:00;-24,6;Ветер, дующий с юга;2;Снег и/или другие виды твердых осадков
29.01.2019 6:00;-26,1;Ветер, дующий с юго-юго-запада;2;Снег и/или другие виды твердых осадков
29.01.2019 3:00;-26,8;Ветер, дующий с юго-юго-запада;2;Снег и/или другие виды твердых осадков
29.01.2019 0:00;-26,5;Ветер, дующий с юго-юго-запада;1;Снег и/или другие виды твердых осадков
28.01.2019 21:00;-25,2;Ветер, дующий с юго-юго-запада;1;Снег и/или другие виды твердых осадков
28.01.2019 18:00;-22,2;Ветер, дующий с юго-запада;1;
28.01.2019 15:00;-18,6;Ветер, дующий с юго-запада;1;
28.01.2019 12:00;-21;Ветер, дующий с юго-запада;1;Снег и/или другие виды твердых осадков
28.01.2019 9:00;-28;Ветер, дующий с юго-юго-запада;1;Снег и/или другие виды твердых осадков
28.01.2019 6:00;-28,9;Ветер, дующий с юго-юго-запада;1;Снег и/или другие виды твердых осадков
28.01.2019 3:00;-24,1;Ветер, дующий с северо-запада;1;Снег и/или другие виды твердых осадков
28.01.2019 0:00;-23,3;Ветер, дующий с северо-запада;2;Снег и/или другие виды твердых осадков
27.01.2019 21:00;-23,3;Ветер, дующий с северо-запада;2;
27.01.2019 18:00;-22,6;Ветер, дующий с северо-запада;2;Метель
27.01.2019 15:00;-21,2;Ветер, дующий с северо-запада;3;Метель
27.01.2019 12:00;-21,6;Ветер, дующий с северо-запада;3;Снег и/или другие виды твердых осадков
27.01.2019 9:00;-21,9;Ветер, дующий с западо-северо-запада;3;Снег и/или другие виды твердых осадков
27.01.2019 6:00;-22,2;Ветер, дующий с запада;3;Снег и/или другие виды твердых осадков
27.01.2019 3:00;-21,9;Ветер, дующий с западо-юго-запада;2;Снег и/или другие виды твердых осадков
27.01.2019 0:00;-20,7;Ветер, дующий с запада;4;Снег и/или другие виды твердых осадков
26.01.2019 21:00;-19,1;Ветер, дующий с запада;4;Снег и/или другие виды твердых осадков
26.01.2019 18:00;-17;Ветер, дующий с западо-юго-запада;2;Метель
26.01.2019 15:00;-11,8;Ветер, дующий с запада;4;Метель
26.01.2019 12:00;-10,5;Ветер, дующий с западо-юго-запада;4;Ливень (ливни).
26.01.2019 9:00;-12,7;Ветер, дующий с юго-юго-запада;2;Ливень (ливни).
26.01.2019 6:00;-14,5;Ветер, дующий с юго-юго-востока;7;Метель
26.01.2019 3:00;-15,6;Ветер, дующий с юго-юго-востока;6;Метель
26.01.2019 0:00;-18,3;Ветер, дующий с юга;3;
25.01.2019 21:00;-22,1;Ветер, дующий с юга;2;
25.01.2019 18:00;-20,6;Ветер, дующий с юго-юго-запада;1;Снег и/или другие виды твердых осадков
25.01.2019 15:00;-19,8;Ветер, дующий с юго-запада;2;Снег и/или другие виды твердых осадков
25.01.2019 12:00;-21,5;Ветер, дующий с западо-юго-запада;2;Снег и/или другие виды твердых осадков
25.01.2019 9:00;-22,6;Ветер, дующий с западо-юго-запада;2;Снег и/или другие виды твердых осадков
25.01.2019 6:00;-20,5;Ветер, дующий с запада;3;Снег и/или другие виды твердых осадков
25.01.2019 3:00;-16,9;Ветер, дующий с запада;4;Снег и/или другие виды твердых осадков
25.01.2019 0:00;-14,5;Ветер, дующий с западо-северо-запада;3;Снег и/или другие виды твердых осадков
24.01.2019 21:00;-10,1;Ветер, дующий с западо-северо-запада;4;Снег и/или другие виды твердых осадков
24.01.2019 18:00;-7,1;Ветер, дующий с юго-юго-запада;1;Снег и/или другие виды твердых осадков
24.01.2019 15:00;-7,6;Ветер, дующий с юга;2;Снег и/или другие виды твердых осадков
24.01.2019 12:00;-11,6;Ветер, дующий с юга;2;Снег и/или другие виды твердых осадков
24.01.2019 9:00;-13,4;Ветер, дующий с юга;3;
24.01.2019 6:00;-12,5;Ветер, дующий с юга;2;Ливень (ливни).
24.01.2019 3:00;-10,2;Ветер, дующий с юга;3;Ливень (ливни).
24.01.2019 0:00;-9,1;Ветер, дующий с юга;2;Ливень (ливни).
23.01.2019 21:00;-9,1;Ветер, дующий с юга;2;Ливень (ливни).
23.01.2019 18:00;-9,8;Ветер, дующий с юга;1;Ливень (ливни).
23.01.2019 15:00;-10,3;Ветер, дующий с юго-юго-запада;2;Ливень (ливни).
23.01.2019 12:00;-12,6;Ветер, дующий с юга;2;Ливень (ливни).
23.01.2019 9:00;-15,8;Ветер, дующий с юга;3;
23.01.2019 6:00;-15,7;Ветер, дующий с юга;3;Снег и/или другие виды твердых осадков
23.01.2019 3:00;-15,4;Ветер, дующий с юго-юго-запада;3;Снег и/или другие виды твердых осадков
23.01.2019 0:00;-14,9;Ветер, дующий с юга;4;
22.01.2019 21:00;-15,9;Ветер, дующий с юга;2;
22.01.2019 18:00;-13,2;Ветер, дующий с юго-юго-запада;3;
22.01.2019 15:00;-12,2;Ветер, дующий с юго-юго-запада;3;
22.01.2019 12:00;-14,7;Ветер, дующий с юго-юго-запада;2;Снег и/или другие виды твердых осадков
22.01.2019 9:00;-18,2;Ветер, дующий с юго-запада;1;Снег и/или другие виды твердых осадков
22.01.2019 6:00;-14,8;Ветер, дующий с юго-запада;1;
22.01.2019 3:00;-11,3;Ветер, дующий с запада;2;
22.01.2019 0:00;-6,7;Ветер, дующий с западо-северо-запада;3;Ливень (ливни).
21.01.2019 21:00;-5,5;Ветер, дующий с северо-запада;4;Ливень (ливни).
21.01.2019 18:00;-3,8;Ветер, дующий с западо-северо-запада;4;Ливень (ливни).
21.01.2019 15:00;-1,3;Ветер, дующий с юго-запада;2;Ливень (ливни).
21.01.2019 12:00;-2,3;Ветер, дующий с юго-юго-запада;1;Ливень (ливни).
21.01.2019 9:00;-2,3;Ветер, дующий с юга;2;Снег и/или другие виды твердых осадков
21.01.2019 6:00;-1,8;Ветер, дующий с юга;3;Снег и/или другие виды твердых осадков
21.01.2019 3:00;-1,8;Ветер, дующий с юга;1;Снег и/или другие виды твердых осадков
21.01.2019 0:00;-2,5;Ветер, дующий с юго-юго-запада;1;Снег и/или другие виды твердых осадков
20.01.2019 21:00;-2,3;Ветер, дующий с юго-запада;1;
20.01.2019 18:00;-4,1;Штиль, безветрие;0;Снег и/или другие виды твердых осадков
20.01.2019 15:00;-7,7;Ветер, дующий с юга;1;Снег и/или другие виды твердых осадков
20.01.2019 12:00;-10,3;Ветер, дующий с юго-запада;1;Снег и/или другие виды твердых осадков
20.01.2019 9:00;-11,9;Ветер, дующий с юго-юго-запада;1;Снег и/или другие виды твердых осадков
20.01.2019 6:00;-12;Штиль, безветрие;0;Снег и/или другие виды твердых осадков
20.01.2019 3:00;-8,3;Ветер, дующий с юга;1;Снег и/или другие виды твердых осадков
20.01.2019 0:00;-6,6;Ветер, дующий с юго-запада;1;Снег и/или другие виды твердых осадков
19.01.2019 21:00;-5,9;Ветер, дующий с юга;1;Снег и/или другие виды твердых осадков
19.01.2019 18:00;-5,5;Ветер, дующий с юга;1;Снег и/или другие виды твердых осадков
19.01.2019 15:00;-5,8;Ветер, дующий с юга;1;Облака покрывали более половины неба в течение всего соответствующего периода.
19.01.2019 12:00;-6,4;Ветер, дующий с юго-юго-запада;1;
19.01.2019 9:00;-6,3;Ветер, дующий с юго-юго-запада;2;
19.01.2019 6:00;-7,3;Ветер, дующий с юго-юго-запада;1;
19.01.2019 3:00;-6,2;Ветер, дующий с юга;2;
19.01.2019 0:00;-6,4;Ветер, дующий с юга;1;Снег и/или другие виды твердых осадков
18.01.2019 21:00;-7,7;Ветер, дующий с юга;2;Снег и/или другие виды твердых осадков
18.01.2019 18:00;-8;Ветер, дующий с юга;2;Снег и/или другие виды твердых осадков
18.01.2019 15:00;-7,9;Ветер, дующий с юго-юго-запада;1;
18.01.2019 12:00;-9,5;Ветер, дующий с юга;3;Снег и/или другие виды твердых осадков
18.01.2019 9:00;-11,1;Ветер, дующий с юга;3;Снег и/или другие виды твердых осадков
18.01.2019 6:00;-12,2;Ветер, дующий с юга;3;Снег и/или другие виды твердых осадков
18.01.2019 3:00;-13,6;Ветер, дующий с юга;4;Снег и/или другие виды твердых осадков
18.01.2019 0:00;-14,8;Ветер, дующий с юга;3;Снег и/или другие виды твердых осадков
17.01.2019 21:00;-16,4;Ветер, дующий с юга;3;Снег и/или другие виды твердых осадков
17.01.2019 18:00;-15,4;Ветер, дующий с юга;2;Снег и/или другие виды твердых осадков
17.01.2019 15:00;-15;Ветер, дующий с юга;2;Снег и/или другие виды твердых осадков
17.01.2019 12:00;-17,5;Ветер, дующий с юга;1;Снег и/или другие виды твердых осадков
17.01.2019 9:00;-18,7;Ветер, дующий с юго-юго-запада;1;Снег и/или другие виды твердых осадков
17.01.2019 6:00;-19,3;Ветер, дующий с юго-юго-запада;1;Снег и/или другие виды твердых осадков
17.01.2019 3:00;-19;Ветер, дующий с юго-запада;1;Снег и/или другие виды твердых осадков
17.01.2019 0:00;-18,5;Ветер, дующий с юго-юго-запада;1;Снег и/или другие виды твердых осадков
16.01.2019 21:00;-17,2;Ветер, дующий с юго-запада;1;Снег и/или другие виды твердых осадков
16.01.2019 18:00;-16,3;Ветер, дующий с юго-юго-запада;1;Снег и/или другие виды твердых осадков
16.01.2019 15:00;-13,7;Ветер, дующий с юго-запада;1;Снег и/или другие виды твердых осадков
16.01.2019 12:00;-16,2;Ветер, дующий с юго-запада;1;Снег и/или другие виды твердых осадков
16.01.2019 9:00;-19,9;Штиль, безветрие;0;Облака покрывали половину неба или менее в течение всего соответствующего периода.
16.01.2019 6:00;-18,5;Штиль, безветрие;0;Облака покрывали половину неба или менее в течение всего соответствующего периода.
16.01.2019 3:00;-18,1;Штиль, безветрие;0;
16.01.2019 0:00;-14,7;Штиль, безветрие;0;Облака покрывали половину неба или менее в течение всего соответствующего периода.
15.01.2019 21:00;-11,8;Ветер, дующий с северо-запада;1;
15.01.2019 18:00;-11;Штиль, безветрие;0;
15.01.2019 15:00;-6,3;Ветер, дующий с северо-северо-запада;2;
15.01.2019 12:00;-6,3;Ветер, дующий с северо-северо-запада;2;Снег и/или другие виды твердых осадков
15.01.2019 9:00;-5,4;Ветер, дующий с северо-запада;1;Снег и/или другие виды твердых осадков
15.01.2019 6:00;-7,8;Ветер, дующий с юго-юго-запада;1;Снег и/или другие виды твердых осадков
15.01.2019 3:00;-8,4;Ветер, дующий с юго-юго-запада;2;Снег и/или другие виды твердых осадков
15.01.2019 0:00;-8,1;Ветер, дующий с юга;2;Метель
14.01.2019 21:00;-7,5;Ветер, дующий с юга;4;Метель
14.01.2019 18:00;-6,3;Ветер, дующий с юго-юго-востока;6;Метель
14.01.2019 15:00;-6,3;Ветер, дующий с юга;5;Метель
14.01.2019 12:00;-9;Ветер, дующий с юга;4;
14.01.2019 9:00;-10,9;Ветер, дующий с юга;4;
14.01.2019 6:00;-10,4;Ветер, дующий с юга;3;
14.01.2019 3:00;-10,3;Ветер, дующий с юга;3;
14.01.2019 0:00;-8,6;Ветер, дующий с юга;3;
13.01.2019 21:00;-9,6;Ветер, дующий с юга;4;
13.01.2019 18:00;-11,1;Ветер, дующий с юго-юго-запада;4;
13.01.2019 15:00;-9,8;Ветер, дующий с юга;4;
13.01.2019 12:00;-14,3;Ветер, дующий с юга;3;Снег и/или другие виды твердых осадков
13.01.2019 9:00;-18,3;Ветер, дующий с юга;2;Снег и/или другие виды твердых осадков
13.01.2019 6:00;-20,2;Ветер, дующий с юга;1;
13.01.2019 3:00;-20,2;Ветер, дующий с юга;1;Снег и/или другие виды твердых осадков
13.01.2019 0:00;-19,4;Ветер, дующий с юга;2;Снег и/или другие виды твердых осадков
12.01.2019 21:00;-18,2;Ветер, дующий с юга;3;Снег и/или другие виды твердых осадков
12.01.2019 18:00;-17,5;Ветер, дующий с юга;1;Снег и/или другие виды твердых осадков
12.01.2019 15:00;-13,9;Ветер, дующий с юго-юго-запада;2;Снег и/или другие виды твердых осадков
12.01.2019 12:00;-15,2;Ветер, дующий с юга;1;Снег и/или другие виды твердых осадков
12.01.2019 9:00;-17,3;Ветер, дующий с юго-запада;1;Снег и/или другие виды твердых осадков
12.01.2019 6:00;-18,1;Ветер, дующий с юго-запада;1;Снег и/или другие виды твердых осадков
12.01.2019 3:00;-18;Ветер, дующий с западо-юго-запада;1;Снег и/или другие виды твердых осадков
12.01.2019 0:00;-18,1;Ветер, дующий с западо-юго-запада;1;Снег и/или другие виды твердых осадков
11.01.2019 21:00;-16,9;Ветер, дующий с юго-запада;2;Снег и/или другие виды твердых осадков
11.01.2019 18:00;-16,3;Ветер, дующий с юго-запада;2;Снег и/или другие виды твердых осадков
11.01.2019 15:00;-15,4;Ветер, дующий с юга;3;Снег и/или другие виды твердых осадков
11.01.2019 12:00;-16,9;Ветер, дующий с юга;2;Снег и/или другие виды твердых осадков
11.01.2019 9:00;-19,2;Ветер, дующий с юга;2;Снег и/или другие виды твердых осадков
11.01.2019 6:00;-20,2;Ветер, дующий с юга;1;
11.01.2019 3:00;-20,7;Ветер, дующий с юга;1;
11.01.2019 0:00;-27,6;Штиль, безветрие;0;Снег и/или другие виды твердых осадков
10.01.2019 21:00;-25,7;Штиль, безветрие;0;Снег и/или другие виды твердых осадков
10.01.2019 18:00;-21,6;Ветер, дующий с севера;1;Снег и/или другие виды твердых осадков
10.01.2019 15:00;-17,9;Ветер, дующий с севера;1;Снег и/или другие виды твердых осадков
10.01.2019 12:00;-18;Ветер, дующий с северо-северо-запада;2;Снег и/или другие виды твердых осадков
10.01.2019 9:00;-17,2;Ветер, дующий с северо-запада;2;Снег и/или другие виды твердых осадков
10.01.2019 6:00;-15,8;Ветер, дующий с запада;1;Снег и/или другие виды твердых осадков
10.01.2019 3:00;-15,9;Ветер, дующий с запада;1;Снег и/или другие виды твердых осадков
10.01.2019 0:00;-16,9;Ветер, дующий с западо-юго-запада;1;Снег и/или другие виды твердых осадков
09.01.2019 21:00;-17,5;Ветер, дующий с западо-юго-запада;2;Снег и/или другие виды твердых осадков
09.01.2019 18:00;-17,5;Ветер, дующий с запада;4;Ливень (ливни).
09.01.2019 15:00;-14,4;Ветер, дующий с запада;4;Ливень (ливни).
09.01.2019 12:00;-13,4;Ветер, дующий с западо-юго-запада;3;Снег и/или другие виды твердых осадков
09.01.2019 9:00;-13,8;Ветер, дующий с юго-запада;1;Снег и/или другие виды твердых осадков
09.01.2019 6:00;-13,1;Ветер, дующий с западо-юго-запада;1;Снег и/или другие виды твердых осадков
09.01.2019 3:00;-13,9;Ветер, дующий с юга;1;Снег и/или другие виды твердых осадков
09.01.2019 0:00;-15,5;Ветер, дующий с юго-юго-запада;1;Снег и/или другие виды твердых осадков
08.01.2019 21:00;-16,4;Штиль, безветрие;0;Снег и/или другие виды твердых осадков
08.01.2019 18:00;-17,4;Ветер, дующий с юго-юго-запада;1;Облака покрывали более половины неба в течение всего соответствующего периода.
08.01.2019 15:00;-15,7;Ветер, дующий с юго-юго-запада;1;Облака покрывали более половины неба в течение всего соответствующего периода.
08.01.2019 12:00;-16,9;Ветер, дующий с юго-запада;1;Облака покрывали более половины неба в течение одной части соответствующего периода и половину или менее в течение другой части периода.
08.01.2019 9:00;-19,4;Ветер, дующий с юго-запада;1;
08.01.2019 6:00;-19;Ветер, дующий с юго-запада;1;
08.01.2019 3:00;-17,3;Ветер, дующий с юго-запада;1;
08.01.2019 0:00;-15,5;Ветер, дующий с юго-запада;2;
07.01.2019 21:00;-14,5;Ветер, дующий с юго-запада;1;
07.01.2019 18:00;-11,7;Ветер, дующий с западо-юго-запада;1;Снег и/или другие виды твердых осадков
07.01.2019 15:00;-8,8;Ветер, дующий с западо-юго-запада;2;
07.01.2019 12:00;-10,8;Ветер, дующий с юго-юго-запада;2;Снег и/или другие виды твердых осадков
07.01.2019 9:00;-11,9;Ветер, дующий с юго-юго-запада;2;Снег и/или другие виды твердых осадков
07.01.2019 6:00;-13,6;Ветер, дующий с юга;2;Снег и/или другие виды твердых осадков
07.01.2019 3:00;-14,5;Ветер, дующий с юго-юго-запада;2;
07.01.2019 0:00;-15,4;Ветер, дующий с юга;3;
06.01.2019 21:00;-16,6;Ветер, дующий с юга;3;
06.01.2019 18:00;-15,9;Ветер, дующий с юго-юго-запада;2;Метель
06.01.2019 15:00;-14,7;Ветер, дующий с юга;4;Метель
06.01.2019 12:00;-13,1;Ветер, дующий с юга;4;
06.01.2019 9:00;-13,4;Ветер, дующий с юга;3;
06.01.2019 6:00;-11,3;Ветер, дующий с юга;1;
06.01.2019 3:00;-9,3;Ветер, дующий с юго-запада;2;
06.01.2019 0:00;-10,1;Ветер, дующий с юго-запада;2;
05.01.2019 21:00;-9,4;Ветер, дующий с западо-юго-запада;3;
05.01.2019 18:00;-10,2;Ветер, дующий с западо-юго-запада;3;
05.01.2019 15:00;-10,1;Ветер, дующий с западо-юго-запада;4;
05.01.2019 12:00;-11,4;Ветер, дующий с западо-юго-запада;3;
05.01.2019 9:00;-11,7;Ветер, дующий с западо-юго-запада;2;
05.01.2019 6:00;-9,7;Ветер, дующий с западо-юго-запада;3;
05.01.2019 3:00;-8,3;Ветер, дующий с западо-юго-запада;2;
05.01.2019 0:00;-12,1;Ветер, дующий с юго-запада;1;Снег и/или другие виды твердых осадков
04.01.2019 21:00;-14,6;Ветер, дующий с юго-юго-запада;1;Снег и/или другие виды твердых осадков
04.01.2019 18:00;-14,7;Ветер, дующий с юго-юго-запада;1;Снег и/или другие виды твердых осадков
04.01.2019 15:00;-14,9;Ветер, дующий с юго-юго-запада;2;Снег и/или другие виды твердых осадков
04.01.2019 12:00;-16,4;Ветер, дующий с юго-юго-запада;1;Снег и/или другие виды твердых осадков
04.01.2019 9:00;-17,5;Ветер, дующий с юго-юго-запада;1;Снег и/или другие виды твердых осадков
04.01.2019 6:00;-18,1;Ветер, дующий с юго-юго-запада;1;Снег и/или другие виды твердых осадков
04.01.2019 3:00;-18,7;Ветер, дующий с юга;1;Снег и/или другие виды твердых осадков
04.01.2019 0:00;-18,1;Ветер, дующий с юго-юго-запада;1;Снег и/или другие виды твердых осадков
03.01.2019 21:00;-18,4;Ветер, дующий с юго-запада;1;Снег и/или другие виды твердых осадков
03.01.2019 18:00;-16,3;Ветер, дующий с юго-юго-запада;1;Снег и/или другие виды твердых осадков
03.01.2019 15:00;-13,6;Ветер, дующий с юго-запада;1;Снег и/или другие виды твердых осадков
03.01.2019 12:00;-14,9;Ветер, дующий с юго-юго-запада;1;Снег и/или другие виды твердых осадков
03.01.2019 9:00;-16,6;Штиль, безветрие;0;Снег и/или другие виды твердых осадков
03.01.2019 6:00;-17,4;Штиль, безветрие;0;Снег и/или другие виды твердых осадков
03.01.2019 3:00;-18,4;Штиль, безветрие;0;Снег и/или другие виды твердых осадков
03.01.2019 0:00;-18,9;Штиль, безветрие;0;Снег и/или другие виды твердых осадков
02.01.2019 21:00;-20,1;Ветер, дующий с юго-юго-запада;1;Снег и/или другие виды твердых осадков
02.01.2019 18:00;-21,3;Ветер, дующий с юго-юго-запада;1;Снег и/или другие виды твердых осадков
02.01.2019 15:00;-18,5;Ветер, дующий с юго-юго-запада;1;Снег и/или другие виды твердых осадков
02.01.2019 12:00;-20,8;Ветер, дующий с юго-запада;1;Снег и/или другие виды твердых осадков
02.01.2019 9:00;-23,9;Штиль, безветрие;0;Снег и/или другие виды твердых осадков
02.01.2019 6:00;-23,6;Ветер, дующий с юго-запада;1;Снег и/или другие виды твердых осадков
02.01.2019 3:00;-22,7;Ветер, дующий с юго-запада;1;Снег и/или другие виды твердых осадков
02.01.2019 0:00;-21,2;Ветер, дующий с юго-юго-запада;1;
01.01.2019 21:00;-21;Ветер, дующий с юго-юго-запада;2;
01.01.2019 18:00;-21;Ветер, дующий с юго-юго-запада;2;Снег и/или другие виды твердых осадков
01.01.2019 15:00;-17,8;Ветер, дующий с юго-запада;2;Снег и/или другие виды твердых осадков
01.01.2019 12:00;-20;Ветер, дующий с юго-юго-запада;1;Снег и/или другие виды твердых осадков
01.01.2019 9:00;-21,2;Ветер, дующий с юго-юго-запада;2;Снег и/или другие виды твердых осадков
01.01.2019 6:00;-20,8;Ветер, дующий с юго-запада;1;Снег и/или другие виды твердых осадков
01.01.2019 3:00;-20,9;Ветер, дующий с юго-запада;2;Снег и/или другие виды твердых осадков
01.01.2019 0:00;-20,9;Ветер, дующий с юго-запада;1;Снег и/или другие виды твердых осадков
