13.07.2019 11:00;29;Ветер, дующий с юго-востока;6;
13.07.2019 8:00;21,9;Ветер, дующий с юго-востока;4;
13.07.2019 5:00;19,4;Ветер, дующий с юго-востока;2;
13.07.2019 2:00;19,2;Ветер, дующий с востоко-юго-востока;2;
12.07.2019 23:00;21,7;Ветер, дующий с востока;2;
12.07.2019 20:00;24,3;Ветер, дующий с востока;3;
12.07.2019 17:00;24,3;Ветер, дующий с востока;2;Ливень (ливни).
12.07.2019 14:00;23,7;Ветер, дующий с юго-запада;1;
12.07.2019 11:00;21,4;Ветер, дующий с юго-востока;2;Ливень (ливни).
12.07.2019 8:00;18,5;Ветер, дующий с юга;1;
12.07.2019 5:00;14,8;Штиль, безветрие;0;
12.07.2019 2:00;17;Штиль, безветрие;0;
11.07.2019 23:00;19,5;Ветер, дующий с запада;2;
11.07.2019 20:00;23,7;Ветер, дующий с западо-юго-запада;3;
11.07.2019 17:00;24,8;Ветер, дующий с юго-запада;4;
11.07.2019 14:00;25,7;Ветер, дующий с юго-запада;4;
11.07.2019 11:00;22,9;Ветер, дующий с западо-юго-запада;4;Ливень (ливни).
11.07.2019 8:00;18,4;Ветер, дующий с юго-юго-запада;2;Ливень (ливни).
11.07.2019 5:00;16,4;Ветер, дующий с юга;2;Гроза (грозы) с осадками или без них.
11.07.2019 2:00;19,2;Ветер, дующий с юго-востока;2;
10.07.2019 23:00;21,3;Ветер, дующий с юго-юго-востока;2;
10.07.2019 20:00;23,3;Ветер, дующий с юга;4;
10.07.2019 17:00;23,8;Ветер, дующий с юго-юго-востока;4;
10.07.2019 14:00;23,7;Ветер, дующий с юго-юго-востока;4;
10.07.2019 11:00;20,6;Ветер, дующий с юго-востока;4;Ливень (ливни).
10.07.2019 8:00;15,8;Ветер, дующий с юго-востока;3;Ливень (ливни).
10.07.2019 5:00;16,1;Ветер, дующий с юго-юго-востока;2;
10.07.2019 2:00;18,5;Ветер, дующий с юга;1;
09.07.2019 23:00;18,5;Ветер, дующий с юга;1;
09.07.2019 20:00;22,4;Ветер, дующий с юго-юго-запада;2;
09.07.2019 17:00;24,2;Ветер, дующий с юга;2;
09.07.2019 14:00;23,1;Ветер, дующий с западо-юго-запада;2;
09.07.2019 11:00;19,3;Ветер, дующий с запада;3;
09.07.2019 8:00;13;Ветер, дующий с западо-юго-запада;3;
09.07.2019 5:00;9,9;Ветер, дующий с западо-северо-запада;3;
09.07.2019 2:00;10,6;Ветер, дующий с запада;3;
08.07.2019 23:00;11,9;Ветер, дующий с запада;3;Гроза (грозы) с осадками или без них.
08.07.2019 20:00;15,6;Ветер, дующий с западо-юго-запада;3;Гроза (грозы) с осадками или без них.
08.07.2019 17:00;16;Ветер, дующий с юго-юго-запада;3;Гроза (грозы) с осадками или без них.
08.07.2019 14:00;20,2;Ветер, дующий с запада;4;
08.07.2019 11:00;17;Ветер, дующий с запада;4;
08.07.2019 8:00;14,6;Ветер, дующий с запада;4;
08.07.2019 5:00;12,2;Ветер, дующий с западо-юго-запада;1;Ливень (ливни).
08.07.2019 2:00;13,6;Ветер, дующий с запада;4;Облака покрывали более половины неба в течение всего соответствующего периода.
07.07.2019 23:00;16,7;Ветер, дующий с юго-юго-запада;3;
07.07.2019 20:00;16,7;Ветер, дующий с юго-юго-запада;3;
07.07.2019 17:00;21,1;Ветер, дующий с западо-юго-запада;6;
07.07.2019 14:00;21,8;Ветер, дующий с западо-юго-запада;4;
07.07.2019 11:00;21;Ветер, дующий с запада;4;
07.07.2019 8:00;21;Ветер, дующий с запада;4;
07.07.2019 5:00;12,7;Ветер, дующий с юго-запада;1;
07.07.2019 2:00;13,4;Ветер, дующий с запада;2;
06.07.2019 23:00;14,9;Ветер, дующий с запада;3;Ливень (ливни).
06.07.2019 20:00;18,3;Ветер, дующий с запада;3;Ливень (ливни).
06.07.2019 17:00;15,8;Ветер, дующий с западо-северо-запада;5;Ливень (ливни).
06.07.2019 14:00;17,4;Ветер, дующий с западо-северо-запада;5;Облака покрывали более половины неба в течение всего соответствующего периода.
06.07.2019 11:00;18,3;Ветер, дующий с западо-северо-запада;4;Ливень (ливни).
06.07.2019 8:00;13,4;Ветер, дующий с западо-юго-запада;3;Ливень (ливни).
06.07.2019 5:00;10,9;Ветер, дующий с юго-востока;1;
06.07.2019 2:00;12,4;Ветер, дующий с юга;1;
05.07.2019 23:00;15,8;Ветер, дующий с западо-северо-запада;2;Ливень (ливни).
05.07.2019 20:00;19,1;Ветер, дующий с запада;2;Ливень (ливни).
05.07.2019 17:00;22,3;Ветер, дующий с запада;3;
05.07.2019 14:00;21,2;Ветер, дующий с запада;5;
05.07.2019 11:00;19,7;Ветер, дующий с западо-юго-запада;4;
05.07.2019 8:00;16,4;Ветер, дующий с запада;4;
05.07.2019 5:00;14,3;Ветер, дующий с запада;3;
05.07.2019 2:00;15,5;Ветер, дующий с запада;3;
04.07.2019 23:00;18,7;Ветер, дующий с запада;2;
04.07.2019 20:00;22;Ветер, дующий с запада;3;
04.07.2019 17:00;23,6;Ветер, дующий с западо-северо-запада;5;Ливень (ливни).
04.07.2019 14:00;20,3;Ветер, дующий с северо-запада;1;Ливень (ливни).
04.07.2019 11:00;16;Ветер, дующий с запада;2;Ливень (ливни).
04.07.2019 8:00;14,9;Ветер, дующий с запада;3;Ливень (ливни).
04.07.2019 5:00;14,5;Ветер, дующий с западо-юго-запада;1;Ливень (ливни).
04.07.2019 2:00;15,1;Ветер, дующий с запада;1;
03.07.2019 23:00;17,3;Ветер, дующий с запада;3;Ливень (ливни).
03.07.2019 20:00;20,9;Ветер, дующий с запада;2;Ливень (ливни).
03.07.2019 17:00;22,8;Ветер, дующий с юго-юго-востока;3;Ливень (ливни).
03.07.2019 14:00;20,3;Ветер, дующий с юго-востока;2;
03.07.2019 11:00;18,7;Ветер, дующий с юго-востока;4;
03.07.2019 8:00;16,3;Ветер, дующий с востоко-юго-востока;3;Облака покрывали более половины неба в течение всего соответствующего периода.
03.07.2019 5:00;15;Ветер, дующий с востока;2;Ливень (ливни).
03.07.2019 2:00;14,6;Ветер, дующий с востока;2;Ливень (ливни).
02.07.2019 23:00;15;Ветер, дующий с востока;3;Ливень (ливни).
02.07.2019 20:00;16,3;Ветер, дующий с востока;4;Ливень (ливни).
02.07.2019 17:00;15,9;Ветер, дующий с востока;3;Ливень (ливни).
02.07.2019 14:00;16,9;Ветер, дующий с востока;5;Ливень (ливни).
02.07.2019 11:00;14,7;Ветер, дующий с востока;4;Ливень (ливни).
02.07.2019 8:00;15,2;Ветер, дующий с востока;3;Ливень (ливни).
02.07.2019 5:00;16,9;Ветер, дующий с востока;2;
02.07.2019 2:00;18,1;Ветер, дующий с востока;2;
01.07.2019 23:00;19,3;Ветер, дующий с востока;2;
01.07.2019 20:00;22,3;Ветер, дующий с юго-востока;4;
01.07.2019 17:00;23;Ветер, дующий с юго-востока;5;Ливень (ливни).
01.07.2019 14:00;18,6;Ветер, дующий с юго-востока;2;Ливень (ливни).
01.07.2019 11:00;22,1;Ветер, дующий с востоко-юго-востока;5;
01.07.2019 8:00;19;Ветер, дующий с юго-востока;4;
01.07.2019 5:00;16,5;Ветер, дующий с юго-востока;4;
01.07.2019 2:00;18,7;Ветер, дующий с юго-востока;3;
30.06.2019 23:00;21,8;Ветер, дующий с юго-востока;4;
30.06.2019 20:00;25,6;Ветер, дующий с юго-юго-востока;5;
30.06.2019 17:00;26,4;Ветер, дующий с юго-юго-востока;4;
30.06.2019 14:00;25,8;Ветер, дующий с юга;4;
30.06.2019 11:00;20,9;Ветер, дующий с юго-юго-востока;3;Ливень (ливни).
30.06.2019 8:00;19,4;Ветер, дующий с юго-востока;3;
30.06.2019 5:00;18,6;Ветер, дующий с юго-юго-востока;3;
30.06.2019 2:00;18,1;Ветер, дующий с юго-востока;4;
29.06.2019 23:00;19,6;Ветер, дующий с юго-востока;3;Ливень (ливни).
29.06.2019 20:00;19,7;Ветер, дующий с юго-востока;4;Ливень (ливни).
29.06.2019 17:00;22;Ветер, дующий с юго-юго-востока;6;Ливень (ливни).
29.06.2019 14:00;19,6;Ветер, дующий с юго-востока;4;Ливень (ливни).
29.06.2019 11:00;19,1;Ветер, дующий с юго-юго-востока;5;
29.06.2019 8:00;15,3;Ветер, дующий с юго-юго-востока;4;
29.06.2019 5:00;10,9;Ветер, дующий с востока;2;
29.06.2019 2:00;12,3;Ветер, дующий с востоко-юго-востока;1;
28.06.2019 23:00;14,4;Ветер, дующий с юго-востока;2;
28.06.2019 20:00;17,8;Ветер, дующий с юго-востока;4;
28.06.2019 17:00;19;Ветер, дующий с юго-юго-востока;4;Ливень (ливни).
28.06.2019 14:00;19,4;Ветер, дующий с юго-юго-востока;4;Ливень (ливни).
28.06.2019 11:00;16,4;Ветер, дующий с юга;4;
28.06.2019 8:00;13,1;Ветер, дующий с юго-востока;2;
28.06.2019 5:00;9,7;Ветер, дующий с востока;1;
28.06.2019 2:00;10,5;Ветер, дующий с юго-востока;1;
27.06.2019 23:00;13;Ветер, дующий с востока;2;
27.06.2019 20:00;15,5;Ветер, дующий с юго-юго-востока;2;
27.06.2019 17:00;16,4;Ветер, дующий с востока;4;Гроза (грозы) с осадками или без них.
27.06.2019 14:00;17,9;Ветер, дующий с юга;2;Гроза (грозы) с осадками или без них.
27.06.2019 11:00;12,8;Ветер, дующий с запада;1;Ливень (ливни).
27.06.2019 8:00;14,7;Ветер, дующий с северо-востока;1;
27.06.2019 5:00;11,4;Штиль, безветрие;0;Ливень (ливни).
27.06.2019 2:00;12,2;Ветер, дующий с востока;1;Ливень (ливни).
26.06.2019 23:00;12,6;Штиль, безветрие;0;
26.06.2019 20:00;14,6;Ветер, дующий с востока;1;
26.06.2019 17:00;15,8;Ветер, дующий с востока;1;Ливень (ливни).
26.06.2019 14:00;15,2;Ветер, дующий с востока;1;Ливень (ливни).
26.06.2019 11:00;12,6;Ветер, дующий с северо-северо-запада;2;
26.06.2019 8:00;11,6;Ветер, дующий с севера;1;
26.06.2019 5:00;11,2;Ветер, дующий с севера;2;Ливень (ливни).
26.06.2019 2:00;11,6;Ветер, дующий с севера;1;Ливень (ливни).
25.06.2019 23:00;12,3;Ветер, дующий с северо-северо-запада;3;Ливень (ливни).
25.06.2019 20:00;13,8;Ветер, дующий с севера;2;Ливень (ливни).
25.06.2019 17:00;13,7;Ветер, дующий с северо-северо-запада;3;Ливень (ливни).
25.06.2019 14:00;13,9;Ветер, дующий с востоко-северо-востока;1;Ливень (ливни).
25.06.2019 11:00;17,4;Ветер, дующий с западо-юго-запада;2;Ливень (ливни).
25.06.2019 8:00;16,6;Ветер, дующий с запада;1;Ливень (ливни).
25.06.2019 5:00;16,2;Ветер, дующий с юга;1;Ливень (ливни).
25.06.2019 2:00;19,6;Ветер, дующий с северо-северо-запада;1;
24.06.2019 23:00;21,1;Ветер, дующий с северо-северо-запада;2;
24.06.2019 20:00;24,6;Ветер, дующий с западо-северо-запада;3;
24.06.2019 17:00;26,6;Ветер, дующий с западо-северо-запада;4;
24.06.2019 14:00;27,9;Ветер, дующий с западо-северо-запада;4;
24.06.2019 11:00;25,9;Ветер, дующий с запада;3;
24.06.2019 8:00;20,3;Ветер, дующий с западо-северо-запада;3;
24.06.2019 5:00;17,5;Ветер, дующий с северо-запада;2;
24.06.2019 2:00;18,6;Ветер, дующий с западо-северо-запада;3;
23.06.2019 23:00;19,7;Ветер, дующий с западо-северо-запада;1;Ливень (ливни).
23.06.2019 20:00;20,9;Ветер, дующий с западо-северо-запада;3;Ливень (ливни).
23.06.2019 17:00;23,2;Ветер, дующий с западо-северо-запада;3;Ливень (ливни).
23.06.2019 14:00;23,3;Ветер, дующий с запада;3;Ливень (ливни).
23.06.2019 11:00;21,8;Ветер, дующий с западо-юго-запада;3;Ливень (ливни).
23.06.2019 8:00;17,4;Ветер, дующий с юго-запада;3;Ливень (ливни).
23.06.2019 5:00;17,4;Ветер, дующий с запада;2;
23.06.2019 2:00;17,4;Ветер, дующий с западо-юго-запада;2;
22.06.2019 23:00;18,7;Ветер, дующий с западо-юго-запада;4;
22.06.2019 20:00;21,9;Ветер, дующий с запада;3;
22.06.2019 17:00;21,9;Ветер, дующий с западо-северо-запада;4;
22.06.2019 14:00;21,9;Ветер, дующий с запада;4;
22.06.2019 11:00;17,3;Ветер, дующий с западо-северо-запада;4;
22.06.2019 8:00;14,1;Ветер, дующий с запада;3;
22.06.2019 5:00;9,1;Ветер, дующий с западо-юго-запада;1;
22.06.2019 2:00;10,8;Ветер, дующий с запада;2;
21.06.2019 23:00;13,9;Ветер, дующий с северо-северо-запада;3;
21.06.2019 20:00;17,1;Ветер, дующий с северо-северо-запада;5;
21.06.2019 17:00;19,7;Ветер, дующий с северо-северо-запада;5;
21.06.2019 14:00;21,8;Ветер, дующий с северо-запада;5;
21.06.2019 11:00;18,8;Ветер, дующий с западо-северо-запада;4;
21.06.2019 8:00;16,5;Ветер, дующий с северо-запада;4;
21.06.2019 5:00;14,1;Ветер, дующий с северо-запада;3;Ливень (ливни).
21.06.2019 2:00;14,3;Ветер, дующий с запада;2;Ливень (ливни).
20.06.2019 23:00;17,8;Ветер, дующий с северо-северо-запада;6;Ливень (ливни).
20.06.2019 20:00;23,2;Ветер, дующий с запада;4;Ливень (ливни).
20.06.2019 17:00;26;Ветер, дующий с запада;4;Гроза (грозы) с осадками или без них.
20.06.2019 14:00;20,4;Ветер, дующий с западо-юго-запада;5;Гроза (грозы) с осадками или без них.
20.06.2019 11:00;21,8;Ветер, дующий с запада;2;
20.06.2019 8:00;17,6;Ветер, дующий с запада;1;
20.06.2019 5:00;13,3;Ветер, дующий с западо-юго-запада;1;
20.06.2019 2:00;14,6;Ветер, дующий с запада;2;
19.06.2019 23:00;15;Ветер, дующий с западо-юго-запада;2;Ливень (ливни).
19.06.2019 20:00;21,3;Ветер, дующий с запада;4;
19.06.2019 17:00;24,3;Ветер, дующий с запада;3;
19.06.2019 14:00;22,5;Ветер, дующий с западо-юго-запада;3;
19.06.2019 11:00;19,4;Ветер, дующий с запада;4;
19.06.2019 8:00;15;Ветер, дующий с запада;2;
19.06.2019 5:00;10;Ветер, дующий с запада;2;
19.06.2019 2:00;11,1;Ветер, дующий с запада;2;
18.06.2019 23:00;13;Ветер, дующий с запада;2;
18.06.2019 20:00;16,3;Ветер, дующий с западо-северо-запада;3;
18.06.2019 17:00;16,3;Ветер, дующий с северо-запада;5;
18.06.2019 14:00;15,6;Ветер, дующий с западо-северо-запада;3;
18.06.2019 11:00;12,9;Ветер, дующий с северо-запада;4;
18.06.2019 8:00;10;Ветер, дующий с северо-запада;3;
18.06.2019 5:00;8,1;Ветер, дующий с северо-запада;3;Ливень (ливни).
18.06.2019 2:00;9,7;Ветер, дующий с северо-запада;3;Ливень (ливни).
17.06.2019 23:00;9,6;Ветер, дующий с юга;1;Ливень (ливни).
17.06.2019 20:00;13,6;Ветер, дующий с запада;5;Облака покрывали более половины неба в течение всего соответствующего периода.
17.06.2019 17:00;14;Ветер, дующий с запада;4;
17.06.2019 14:00;13,6;Ветер, дующий с запада;5;
17.06.2019 11:00;13,9;Ветер, дующий с запада;3;
17.06.2019 8:00;10;Ветер, дующий с северо-запада;2;
17.06.2019 5:00;5,9;Ветер, дующий с западо-северо-запада;1;
17.06.2019 2:00;7,5;Ветер, дующий с северо-запада;2;
16.06.2019 23:00;10;Ветер, дующий с западо-северо-запада;2;Ливень (ливни).
16.06.2019 20:00;11,9;Ветер, дующий с северо-запада;2;Ливень (ливни).
16.06.2019 17:00;14;Ветер, дующий с западо-северо-запада;3;Ливень (ливни).
16.06.2019 14:00;12,2;Ветер, дующий с северо-запада;3;Ливень (ливни).
16.06.2019 11:00;10,5;Ветер, дующий с запада;4;Ливень (ливни).
16.06.2019 8:00;12;Ветер, дующий с запада;3;
16.06.2019 5:00;9,8;Ветер, дующий с запада;3;
16.06.2019 2:00;11,3;Ветер, дующий с запада;3;
15.06.2019 23:00;13;Ветер, дующий с запада;2;Ливень (ливни).
15.06.2019 20:00;16,2;Ветер, дующий с северо-запада;3;Ливень (ливни).
15.06.2019 17:00;18,8;Ветер, дующий с запада;4;
15.06.2019 14:00;17,9;Ветер, дующий с западо-северо-запада;3;
15.06.2019 11:00;15;Ветер, дующий с северо-запада;2;
15.06.2019 8:00;11;Ветер, дующий с западо-северо-запада;2;
15.06.2019 5:00;9,4;Ветер, дующий с северо-запада;2;
15.06.2019 2:00;10,4;Ветер, дующий с западо-северо-запада;3;
14.06.2019 23:00;11,7;Ветер, дующий с западо-северо-запада;3;
14.06.2019 20:00;16,3;Ветер, дующий с западо-северо-запада;4;
14.06.2019 17:00;16,9;Ветер, дующий с западо-северо-запада;5;
14.06.2019 14:00;16,2;Ветер, дующий с западо-северо-запада;5;
14.06.2019 11:00;13,6;Ветер, дующий с западо-северо-запада;6;
14.06.2019 8:00;8,7;Ветер, дующий с запада;4;
14.06.2019 5:00;4,4;Ветер, дующий с запада;2;
14.06.2019 2:00;6,4;Ветер, дующий с западо-северо-запада;3;
13.06.2019 23:00;8,7;Ветер, дующий с северо-запада;3;
13.06.2019 20:00;10,6;Ветер, дующий с западо-северо-запада;4;
13.06.2019 17:00;11;Ветер, дующий с северо-запада;5;Ливень (ливни).
13.06.2019 14:00;9,9;Ветер, дующий с северо-запада;5;Ливень (ливни).
13.06.2019 11:00;9;Ветер, дующий с северо-запада;6;
13.06.2019 8:00;6,6;Ветер, дующий с северо-запада;5;
13.06.2019 5:00;6,6;Ветер, дующий с западо-северо-запада;4;
13.06.2019 2:00;11,1;Ветер, дующий с северо-запада;5;
12.06.2019 23:00;12,4;Ветер, дующий с запада;2;Ливень (ливни).
12.06.2019 20:00;13,6;Ветер, дующий с западо-северо-запада;3;Ливень (ливни).
12.06.2019 17:00;21,5;Ветер, дующий с запада;5;
12.06.2019 14:00;21,9;Ветер, дующий с западо-северо-запада;4;
12.06.2019 11:00;20,2;Ветер, дующий с западо-северо-запада;5;
12.06.2019 8:00;16,1;Ветер, дующий с запада;3;
12.06.2019 5:00;15,1;Ветер, дующий с западо-северо-запада;3;Гроза (грозы) с осадками или без них.
12.06.2019 2:00;17,2;Ветер, дующий с северо-запада;2;Гроза (грозы) с осадками или без них.
11.06.2019 23:00;21,5;Ветер, дующий с запада;2;
11.06.2019 20:00;24,7;Ветер, дующий с запада;4;
11.06.2019 17:00;26,5;Ветер, дующий с запада;5;
11.06.2019 14:00;25,2;Ветер, дующий с западо-северо-запада;5;
11.06.2019 11:00;21,1;Ветер, дующий с запада;2;Облака покрывали более половины неба в течение всего соответствующего периода.
11.06.2019 8:00;19,5;Ветер, дующий с западо-северо-запада;3;
11.06.2019 5:00;17,3;Ветер, дующий с запада;3;
11.06.2019 2:00;18,1;Ветер, дующий с запада;3;
10.06.2019 23:00;20,1;Ветер, дующий с запада;3;
10.06.2019 20:00;24;Ветер, дующий с запада;4;
10.06.2019 17:00;27,9;Ветер, дующий с западо-северо-запада;3;
10.06.2019 14:00;25,4;Ветер, дующий с западо-северо-запада;5;
10.06.2019 11:00;23,3;Ветер, дующий с западо-северо-запада;4;
10.06.2019 8:00;18,2;Ветер, дующий с западо-северо-запада;3;
10.06.2019 5:00;17,1;Ветер, дующий с запада;3;
10.06.2019 2:00;17,4;Ветер, дующий с запада;2;
09.06.2019 23:00;20,5;Ветер, дующий с западо-северо-запада;3;
09.06.2019 20:00;24;Ветер, дующий с северо-запада;3;
09.06.2019 17:00;23,8;Ветер, дующий с северо-запада;4;
09.06.2019 14:00;22,8;Ветер, дующий с северо-запада;4;
09.06.2019 11:00;20,6;Ветер, дующий с запада;2;
09.06.2019 8:00;13,9;Ветер, дующий с западо-северо-запада;2;
09.06.2019 5:00;11,1;Ветер, дующий с северо-запада;2;
09.06.2019 2:00;12,5;Ветер, дующий с северо-запада;2;
08.06.2019 23:00;16,3;Ветер, дующий с северо-северо-запада;2;
08.06.2019 20:00;19,4;Ветер, дующий с севера;3;
08.06.2019 17:00;20,4;Ветер, дующий с северо-северо-запада;2;
08.06.2019 14:00;18,8;Ветер, дующий с северо-северо-запада;5;
08.06.2019 11:00;16,2;Ветер, дующий с северо-северо-запада;3;
08.06.2019 8:00;12,7;Ветер, дующий с северо-северо-запада;3;
08.06.2019 5:00;11;Ветер, дующий с северо-северо-запада;3;
08.06.2019 2:00;13,3;Ветер, дующий с северо-северо-запада;3;
07.06.2019 23:00;15,3;Ветер, дующий с северо-запада;4;
07.06.2019 20:00;18,2;Ветер, дующий с северо-запада;3;
07.06.2019 17:00;19,1;Ветер, дующий с северо-запада;4;
07.06.2019 14:00;17,6;Ветер, дующий с северо-запада;4;
07.06.2019 11:00;14,3;Ветер, дующий с северо-запада;5;
07.06.2019 8:00;11;Ветер, дующий с северо-запада;5;
07.06.2019 5:00;10,6;Ветер, дующий с северо-северо-запада;4;Ливень (ливни).
07.06.2019 2:00;11,6;Ветер, дующий с северо-северо-запада;3;Ливень (ливни).
06.06.2019 23:00;12,7;Ветер, дующий с северо-северо-запада;3;Ливень (ливни).
06.06.2019 20:00;14,2;Ветер, дующий с северо-северо-запада;3;
06.06.2019 17:00;14,7;Ветер, дующий с западо-северо-запада;2;Ливень (ливни).
06.06.2019 14:00;18,1;Ветер, дующий с северо-запада;2;
06.06.2019 11:00;14;Ветер, дующий с северо-северо-запада;3;
06.06.2019 8:00;10,9;Ветер, дующий с северо-запада;3;
06.06.2019 5:00;8,4;Ветер, дующий с северо-запада;3;
06.06.2019 2:00;10,4;Ветер, дующий с северо-северо-запада;3;
05.06.2019 23:00;11,1;Ветер, дующий с северо-северо-запада;3;Ливень (ливни).
05.06.2019 20:00;10,2;Ветер, дующий с северо-северо-запада;3;Ливень (ливни).
05.06.2019 17:00;8,6;Ветер, дующий с северо-северо-запада;4;Ливень (ливни).
05.06.2019 14:00;7,1;Ветер, дующий с северо-северо-запада;5;Ливень (ливни).
05.06.2019 11:00;5,8;Ветер, дующий с северо-запада;6;Ливень (ливни).
05.06.2019 8:00;6,9;Ветер, дующий с северо-запада;7;
05.06.2019 5:00;6,8;Ветер, дующий с северо-запада;6;
05.06.2019 2:00;7,3;Ветер, дующий с западо-северо-запада;7;
04.06.2019 23:00;7,8;Ветер, дующий с северо-запада;5;Ливень (ливни).
04.06.2019 20:00;6,9;Ветер, дующий с северо-запада;6;Ливень (ливни).
04.06.2019 17:00;9,5;Ветер, дующий с западо-северо-запада;7;Ливень (ливни).
04.06.2019 14:00;13,7;Ветер, дующий с западо-северо-запада;5;
04.06.2019 11:00;13,4;Ветер, дующий с запада;6;Ливень (ливни).
04.06.2019 8:00;15,6;Ветер, дующий с западо-юго-запада;3;Ливень (ливни).
04.06.2019 5:00;15;Ветер, дующий с юго-юго-запада;2;
04.06.2019 2:00;16,4;Ветер, дующий с западо-юго-запада;3;
03.06.2019 23:00;19;Ветер, дующий с западо-северо-запада;1;
03.06.2019 20:00;21,8;Ветер, дующий с западо-юго-запада;3;
03.06.2019 17:00;25,3;Ветер, дующий с западо-юго-запада;3;
03.06.2019 14:00;24,1;Ветер, дующий с юго-юго-запада;2;
03.06.2019 11:00;20,7;Ветер, дующий с западо-северо-запада;2;
03.06.2019 8:00;15,6;Ветер, дующий с западо-юго-запада;2;
03.06.2019 5:00;9,5;Ветер, дующий с юга;1;
03.06.2019 2:00;12,4;Штиль, безветрие;0;
02.06.2019 23:00;16,5;Ветер, дующий с западо-северо-запада;1;
02.06.2019 20:00;19,7;Ветер, дующий с северо-запада;3;
02.06.2019 17:00;21,1;Ветер, дующий с северо-запада;3;
02.06.2019 14:00;20,7;Ветер, дующий с западо-северо-запада;5;
02.06.2019 11:00;18,9;Ветер, дующий с западо-северо-запада;6;Ливень (ливни).
02.06.2019 8:00;15,8;Ветер, дующий с западо-северо-запада;4;Ливень (ливни).
02.06.2019 5:00;15;Ветер, дующий с юга;1;
02.06.2019 2:00;15,9;Ветер, дующий с юго-востока;2;
01.06.2019 23:00;17,7;Ветер, дующий с юго-востока;3;Ливень (ливни).
01.06.2019 20:00;19,6;Ветер, дующий с востоко-юго-востока;1;Облака покрывали более половины неба в течение всего соответствующего периода.
01.06.2019 17:00;21,2;Ветер, дующий с юго-запада;1;
01.06.2019 14:00;20,3;Ветер, дующий с юго-юго-востока;1;
01.06.2019 11:00;17,4;Ветер, дующий с севера;2;
01.06.2019 8:00;13,6;Ветер, дующий с северо-северо-востока;1;
01.06.2019 5:00;14,2;Ветер, дующий с северо-северо-запада;2;
01.06.2019 2:00;15,3;Ветер, дующий с северо-северо-запада;3;
31.05.2019 23:00;18,8;Ветер, дующий с северо-северо-запада;4;
31.05.2019 20:00;21,9;Ветер, дующий с северо-запада;4;
31.05.2019 17:00;24,6;Ветер, дующий с северо-северо-запада;5;
31.05.2019 14:00;26,7;Ветер, дующий с северо-запада;7;
31.05.2019 11:00;23,7;Ветер, дующий с запада;3;Ливень (ливни).
31.05.2019 8:00;19,9;Ветер, дующий с запада;3;Ливень (ливни).
31.05.2019 5:00;16,8;Ветер, дующий с запада;3;
31.05.2019 2:00;19,1;Ветер, дующий с северо-запада;4;
30.05.2019 23:00;20,3;Ветер, дующий с западо-юго-запада;2;
30.05.2019 20:00;23,5;Ветер, дующий с запада;4;
30.05.2019 17:00;24,1;Ветер, дующий с западо-северо-запада;3;
30.05.2019 14:00;23,6;Ветер, дующий с западо-северо-запада;3;
30.05.2019 11:00;20,6;Ветер, дующий с запада;4;
30.05.2019 8:00;15,2;Ветер, дующий с западо-северо-запада;1;
30.05.2019 5:00;10,5;Штиль, безветрие;0;
30.05.2019 2:00;13,8;Ветер, дующий с северо-запада;2;
29.05.2019 23:00;16,3;Ветер, дующий с западо-северо-запада;2;
29.05.2019 20:00;20,3;Ветер, дующий с северо-запада;3;
29.05.2019 17:00;21,5;Ветер, дующий с северо-северо-запада;3;
29.05.2019 14:00;19,4;Ветер, дующий с северо-северо-запада;4;
29.05.2019 11:00;18,8;Ветер, дующий с северо-запада;3;
29.05.2019 8:00;15,2;Ветер, дующий с западо-северо-запада;2;
29.05.2019 5:00;12,7;Ветер, дующий с западо-северо-запада;2;
29.05.2019 2:00;15,7;Ветер, дующий с западо-северо-запада;2;
28.05.2019 23:00;18,4;Ветер, дующий с западо-северо-запада;3;
28.05.2019 20:00;22,2;Ветер, дующий с запада;3;
28.05.2019 17:00;23,1;Ветер, дующий с запада;3;
28.05.2019 14:00;22,2;Ветер, дующий с запада;4;
28.05.2019 11:00;19,5;Ветер, дующий с запада;2;Ливень (ливни).
28.05.2019 8:00;17,6;Ветер, дующий с запада;4;Ливень (ливни).
28.05.2019 5:00;16,2;Ветер, дующий с западо-юго-запада;4;
28.05.2019 2:00;17,2;Ветер, дующий с юго-юго-запада;3;
27.05.2019 23:00;17,3;Ветер, дующий с юго-юго-востока;2;Ливень (ливни).
27.05.2019 20:00;16,6;Ветер, дующий с юга;2;Ливень (ливни).
27.05.2019 17:00;23,7;Ветер, дующий с запада;2;
27.05.2019 14:00;25,4;Ветер, дующий с западо-юго-запада;2;
27.05.2019 11:00;21,3;Ветер, дующий с юго-запада;3;
27.05.2019 8:00;14,1;Ветер, дующий с юго-юго-востока;1;
27.05.2019 5:00;8,5;Ветер, дующий с юго-востока;2;
27.05.2019 2:00;11,6;Ветер, дующий с юга;2;
26.05.2019 23:00;13,3;Ветер, дующий с юга;2;
26.05.2019 20:00;17,5;Ветер, дующий с юго-запада;2;
26.05.2019 17:00;18,8;Ветер, дующий с юго-запада;2;
26.05.2019 14:00;17,2;Ветер, дующий с запада;3;
26.05.2019 11:00;13,9;Ветер, дующий с запада;2;
26.05.2019 8:00;7,6;Ветер, дующий с западо-юго-запада;3;
26.05.2019 5:00;1,2;Ветер, дующий с юго-запада;2;
26.05.2019 2:00;2;Ветер, дующий с юга;1;
25.05.2019 23:00;5,6;Ветер, дующий с запада;2;
25.05.2019 20:00;8,3;Ветер, дующий с северо-запада;4;
25.05.2019 17:00;9,4;Ветер, дующий с западо-северо-запада;6;
25.05.2019 14:00;8,3;Ветер, дующий с северо-запада;5;
25.05.2019 11:00;5,6;Ветер, дующий с северо-запада;5;Ливень (ливни).
25.05.2019 8:00;3,7;Ветер, дующий с северо-северо-запада;4;
25.05.2019 5:00;0,7;Ветер, дующий с северо-запада;2;
25.05.2019 2:00;2,1;Ветер, дующий с северо-запада;3;
24.05.2019 23:00;4,6;Ветер, дующий с северо-запада;3;
24.05.2019 20:00;7;Ветер, дующий с северо-северо-запада;3;
24.05.2019 17:00;9,5;Ветер, дующий с северо-запада;3;Ливень (ливни).
24.05.2019 14:00;6,9;Ветер, дующий с северо-запада;2;Ливень (ливни).
24.05.2019 11:00;6,3;Ветер, дующий с северо-северо-запада;3;Ливень (ливни).
24.05.2019 8:00;7,6;Ветер, дующий с севера;2;Ливень (ливни).
24.05.2019 5:00;10,3;Ветер, дующий с запада;3;Ливень (ливни).
24.05.2019 2:00;11,3;Ветер, дующий с юго-юго-запада;4;Ливень (ливни).
23.05.2019 23:00;12,6;Ветер, дующий с юго-запада;3;
23.05.2019 20:00;14,3;Ветер, дующий с западо-юго-запада;4;
23.05.2019 17:00;17,3;Ветер, дующий с юго-запада;3;
23.05.2019 14:00;18,1;Ветер, дующий с юго-запада;4;
23.05.2019 11:00;15,9;Ветер, дующий с юго-запада;3;
23.05.2019 8:00;11,1;Ветер, дующий с юго-юго-востока;1;
23.05.2019 5:00;5,8;Ветер, дующий с юго-юго-запада;1;
23.05.2019 2:00;7,7;Ветер, дующий с юга;1;
22.05.2019 23:00;9,7;Ветер, дующий с юга;1;
22.05.2019 20:00;12,3;Ветер, дующий с западо-юго-запада;1;
22.05.2019 17:00;12,4;Ветер, дующий с запада;2;Ливень (ливни).
22.05.2019 14:00;12,4;Ветер, дующий с запада;2;Ливень (ливни).
22.05.2019 11:00;9,9;Ветер, дующий с запада;3;
22.05.2019 8:00;5,9;Ветер, дующий с запада;2;
22.05.2019 5:00;3;Ветер, дующий с западо-юго-запада;1;
22.05.2019 2:00;4,1;Ветер, дующий с западо-северо-запада;2;
21.05.2019 23:00;4,6;Ветер, дующий с северо-запада;2;Ливень (ливни).
21.05.2019 20:00;5,1;Ветер, дующий с северо-запада;3;Ливень (ливни).
21.05.2019 17:00;6,1;Ветер, дующий с западо-северо-запада;3;Ливень (ливни).
21.05.2019 14:00;3,4;Ветер, дующий с северо-запада;4;Ливень (ливни).
21.05.2019 11:00;2;Ветер, дующий с северо-северо-запада;3;Ливень (ливни).
21.05.2019 8:00;3,4;Ветер, дующий с северо-запада;3;Ливень (ливни).
21.05.2019 5:00;3,4;Ветер, дующий с западо-северо-запада;2;
21.05.2019 2:00;3,4;Ветер, дующий с западо-северо-запада;1;
20.05.2019 23:00;4,3;Ветер, дующий с западо-северо-запада;2;
20.05.2019 20:00;7,5;Ветер, дующий с северо-северо-запада;5;
20.05.2019 17:00;8;Ветер, дующий с западо-северо-запада;2;Ливень (ливни).
20.05.2019 14:00;5,4;Ветер, дующий с запада;3;Ливень (ливни).
20.05.2019 11:00;5,6;Ветер, дующий с западо-северо-запада;5;
20.05.2019 8:00;4;Ветер, дующий с западо-северо-запада;4;
20.05.2019 5:00;0,5;Ветер, дующий с запада;2;
20.05.2019 2:00;1,3;Ветер, дующий с запада;2;
19.05.2019 23:00;3,1;Ветер, дующий с западо-северо-запада;3;Ливень (ливни).
19.05.2019 20:00;5,8;Ветер, дующий с запада;2;Ливень (ливни).
19.05.2019 17:00;4,9;Ветер, дующий с западо-северо-запада;3;Ливень (ливни).
19.05.2019 14:00;6,8;Ветер, дующий с запада;5;Ливень (ливни).
19.05.2019 11:00;6,1;Ветер, дующий с западо-северо-запада;3;Ливень (ливни).
19.05.2019 8:00;2,5;Ветер, дующий с западо-северо-запада;4;Дождь.
19.05.2019 5:00;2,4;Ветер, дующий с западо-северо-запада;3;Ливень (ливни).
19.05.2019 2:00;3,8;Ветер, дующий с западо-северо-запада;3;Ливень (ливни).
18.05.2019 23:00;5,6;Ветер, дующий с северо-запада;3;
18.05.2019 20:00;7,9;Ветер, дующий с северо-северо-запада;3;
18.05.2019 17:00;6,4;Ветер, дующий с северо-северо-запада;5;Ливень (ливни).
18.05.2019 14:00;11,9;Ветер, дующий с запада;5;Ливень (ливни).
18.05.2019 11:00;8,1;Ветер, дующий с запада;3;Ливень (ливни).
18.05.2019 8:00;4,3;Ветер, дующий с запада;3;Ливень (ливни).
18.05.2019 5:00;1,8;Ветер, дующий с юго-юго-запада;1;
18.05.2019 2:00;2,6;Ветер, дующий с запада;2;
17.05.2019 23:00;4,5;Ветер, дующий с западо-северо-запада;3;
17.05.2019 20:00;6;Ветер, дующий с северо-запада;3;
17.05.2019 17:00;6;Ветер, дующий с северо-запада;5;Ливень (ливни).
17.05.2019 14:00;8,3;Ветер, дующий с западо-северо-запада;4;Ливень (ливни).
17.05.2019 11:00;10;Ветер, дующий с северо-запада;2;Ливень (ливни).
17.05.2019 8:00;10;Ветер, дующий с запада;2;Ливень (ливни).
17.05.2019 5:00;10,9;Ветер, дующий с западо-юго-запада;2;Ливень (ливни).
17.05.2019 2:00;10,5;Ветер, дующий с юго-юго-запада;3;Ливень (ливни).
16.05.2019 23:00;12,5;Ветер, дующий с западо-юго-запада;3;Ливень (ливни).
16.05.2019 20:00;16,5;Ветер, дующий с юго-запада;3;
16.05.2019 17:00;16,9;Ветер, дующий с юго-юго-востока;4;
16.05.2019 14:00;17,2;Ветер, дующий с юго-юго-востока;3;
16.05.2019 11:00;12,4;Ветер, дующий с юга;3;
16.05.2019 8:00;8,6;Ветер, дующий с юго-юго-востока;2;
16.05.2019 5:00;7,1;Ветер, дующий с юго-востока;2;
16.05.2019 2:00;7,5;Ветер, дующий с юго-востока;3;
15.05.2019 23:00;8,8;Ветер, дующий с юго-востока;3;
15.05.2019 20:00;12,1;Ветер, дующий с юго-востока;3;
15.05.2019 17:00;14,2;Ветер, дующий с юго-востока;3;
15.05.2019 14:00;12,3;Ветер, дующий с востоко-юго-востока;4;
15.05.2019 11:00;8,5;Ветер, дующий с юго-востока;4;
15.05.2019 8:00;3,7;Ветер, дующий с востоко-юго-востока;3;
15.05.2019 5:00;2,4;Ветер, дующий с востоко-юго-востока;4;
15.05.2019 2:00;5,5;Ветер, дующий с востоко-юго-востока;4;
14.05.2019 23:00;8,3;Ветер, дующий с востока;3;
14.05.2019 20:00;11,1;Ветер, дующий с востока;3;
14.05.2019 17:00;8,7;Ветер, дующий с востока;3;Ливень (ливни).
14.05.2019 14:00;7,8;Ветер, дующий с востоко-северо-востока;2;Ливень (ливни).
14.05.2019 11:00;8,6;Ветер, дующий с востока;2;Ливень (ливни).
14.05.2019 8:00;11,7;Ветер, дующий с востока;1;Ливень (ливни).
14.05.2019 5:00;16,8;Ветер, дующий с юго-запада;1;
14.05.2019 2:00;17,4;Ветер, дующий с юго-юго-запада;1;
13.05.2019 23:00;20;Ветер, дующий с юго-юго-запада;1;
13.05.2019 20:00;24,2;Ветер, дующий с юга;2;
13.05.2019 17:00;25,4;Ветер, дующий с юга;1;
13.05.2019 14:00;21,9;Ветер, дующий с юго-юго-востока;3;
13.05.2019 11:00;17,3;Ветер, дующий с юга;1;Ливень (ливни).
13.05.2019 8:00;13,6;Ветер, дующий с востока;2;
13.05.2019 5:00;17,7;Ветер, дующий с востока;2;
13.05.2019 2:00;19;Ветер, дующий с юга;1;
12.05.2019 23:00;21,6;Ветер, дующий с востока;2;
12.05.2019 20:00;26;Ветер, дующий с востока;2;
12.05.2019 17:00;27,5;Ветер, дующий с востоко-северо-востока;1;
12.05.2019 14:00;26,7;Ветер, дующий с востоко-юго-востока;2;
12.05.2019 11:00;23,8;Ветер, дующий с востоко-юго-востока;4;
12.05.2019 8:00;19,2;Ветер, дующий с юго-востока;2;
12.05.2019 5:00;16,6;Ветер, дующий с востоко-юго-востока;1;
12.05.2019 2:00;18,8;Ветер, дующий с востока;2;
11.05.2019 23:00;21,5;Ветер, дующий с востока;2;Ливень (ливни).
11.05.2019 20:00;25,1;Ветер, дующий с востоко-северо-востока;1;Ливень (ливни).
11.05.2019 17:00;26;Ветер, дующий с востока;1;
11.05.2019 14:00;26,3;Ветер, дующий с востоко-юго-востока;2;
11.05.2019 11:00;24,4;Ветер, дующий с востока;2;
11.05.2019 8:00;17,8;Ветер, дующий с северо-запада;1;
11.05.2019 5:00;15,5;Штиль, безветрие;0;
11.05.2019 2:00;17,2;Штиль, безветрие;0;
10.05.2019 23:00;20,3;Ветер, дующий с востока;1;Ливень (ливни).
10.05.2019 20:00;24,6;Ветер, дующий с востока;2;
10.05.2019 17:00;27;Ветер, дующий с юго-востока;2;
10.05.2019 14:00;24,9;Ветер, дующий с востока;1;
10.05.2019 11:00;21,8;Ветер, дующий с востока;1;
10.05.2019 8:00;13,3;Ветер, дующий с севера;1;
10.05.2019 5:00;12,1;Ветер, дующий с севера;1;Ливень (ливни).
10.05.2019 2:00;13;Ветер, дующий с северо-запада;1;Ливень (ливни).
09.05.2019 23:00;13,9;Штиль, безветрие;0;Гроза (грозы) с осадками или без них.
09.05.2019 20:00;13,5;Ветер, дующий с северо-северо-запада;2;Гроза (грозы) с осадками или без них.
09.05.2019 17:00;22,1;Ветер, дующий с севера;1;Ливень (ливни).
09.05.2019 14:00;18,3;Ветер, дующий с северо-северо-запада;2;Ливень (ливни).
09.05.2019 11:00;15,6;Ветер, дующий с запада;2;Гроза (грозы) с осадками или без них.
09.05.2019 8:00;13,6;Ветер, дующий с севера;2;Гроза (грозы) с осадками или без них.
09.05.2019 5:00;13,3;Ветер, дующий с северо-запада;2;
09.05.2019 2:00;15,7;Ветер, дующий с севера;1;
08.05.2019 23:00;17,4;Ветер, дующий с севера;1;Ливень (ливни).
08.05.2019 20:00;20,8;Ветер, дующий с северо-северо-запада;4;Ливень (ливни).
08.05.2019 17:00;25,8;Ветер, дующий с юга;1;
08.05.2019 14:00;24,7;Ветер, дующий с северо-запада;1;
08.05.2019 11:00;24,2;Ветер, дующий с запада;1;
08.05.2019 8:00;16,5;Штиль, безветрие;0;
08.05.2019 5:00;14,6;Ветер, дующий с юга;1;
08.05.2019 2:00;17,4;Ветер, дующий с западо-юго-запада;1;
07.05.2019 23:00;21,6;Ветер, дующий с юго-востока;2;
07.05.2019 20:00;25,8;Ветер, дующий с юго-востока;3;
07.05.2019 17:00;28,6;Ветер, дующий с юго-юго-востока;5;
07.05.2019 14:00;28,9;Ветер, дующий с юга;3;
07.05.2019 11:00;24,4;Ветер, дующий с юго-юго-востока;1;
07.05.2019 8:00;13,2;Ветер, дующий с юго-востока;1;
07.05.2019 5:00;11,5;Ветер, дующий с юго-востока;1;
07.05.2019 2:00;15,3;Ветер, дующий с востоко-юго-востока;2;
06.05.2019 23:00;17,6;Ветер, дующий с востока;2;
06.05.2019 20:00;21;Ветер, дующий с юго-востока;1;
06.05.2019 17:00;22,5;Ветер, дующий с юго-юго-востока;3;
06.05.2019 14:00;22,4;Ветер, дующий с юга;2;
06.05.2019 11:00;17,7;Ветер, дующий с юго-юго-запада;2;Дождь.
06.05.2019 8:00;13,7;Штиль, безветрие;0;Дождь.
06.05.2019 5:00;12,3;Ветер, дующий с юго-востока;1;Ливень (ливни).
06.05.2019 2:00;14,5;Ветер, дующий с запада;2;Ливень (ливни).
05.05.2019 23:00;17,1;Ветер, дующий с юго-востока;1;Ливень (ливни).
05.05.2019 20:00;19,1;Ветер, дующий с юго-юго-востока;2;
05.05.2019 17:00;22,4;Ветер, дующий с юга;2;
05.05.2019 14:00;21,2;Ветер, дующий с юго-востока;4;
05.05.2019 11:00;18,7;Ветер, дующий с юга;1;
05.05.2019 8:00;10,2;Ветер, дующий с юго-запада;1;
05.05.2019 5:00;9;Ветер, дующий с запада;2;
05.05.2019 2:00;9,6;Ветер, дующий с запада;3;
04.05.2019 23:00;11,1;Ветер, дующий с запада;4;Ливень (ливни).
04.05.2019 20:00;12,5;Ветер, дующий с запада;3;Ливень (ливни).
04.05.2019 17:00;18;Ветер, дующий с западо-юго-запада;5;Ливень (ливни).
04.05.2019 14:00;12,4;Ветер, дующий с юго-юго-востока;3;Ливень (ливни).
04.05.2019 11:00;15,8;Ветер, дующий с юго-юго-востока;3;Ливень (ливни).
04.05.2019 8:00;12,6;Ветер, дующий с юго-юго-востока;3;
04.05.2019 5:00;11,1;Ветер, дующий с юго-востока;3;
04.05.2019 2:00;11,6;Ветер, дующий с юго-востока;2;
03.05.2019 23:00;10,7;Ветер, дующий с юго-востока;1;Ливень (ливни).
03.05.2019 20:00;12,8;Ветер, дующий с запада;1;Ливень (ливни).
03.05.2019 17:00;12,2;Ветер, дующий с юго-юго-запада;3;Ливень (ливни).
03.05.2019 14:00;10;Ветер, дующий с западо-юго-запада;4;
03.05.2019 11:00;7,1;Ветер, дующий с юга;3;Ливень (ливни).
03.05.2019 8:00;7,7;Ветер, дующий с юго-юго-запада;3;
03.05.2019 5:00;7,6;Ветер, дующий с юго-востока;2;
03.05.2019 2:00;8,2;Ветер, дующий с юго-юго-востока;2;
02.05.2019 23:00;10,1;Ветер, дующий с юго-юго-запада;2;
02.05.2019 20:00;13,1;Ветер, дующий с юго-юго-запада;3;
02.05.2019 17:00;15,8;Ветер, дующий с юго-запада;3;
02.05.2019 14:00;14;Ветер, дующий с юго-запада;4;
02.05.2019 11:00;11,5;Ветер, дующий с западо-юго-запада;3;
02.05.2019 8:00;5,1;Ветер, дующий с запада;3;
02.05.2019 5:00;1,2;Ветер, дующий с юго-востока;1;
02.05.2019 2:00;2,3;Ветер, дующий с юго-запада;1;
01.05.2019 23:00;4;Ветер, дующий с западо-юго-запада;3;
01.05.2019 20:00;6,8;Ветер, дующий с запада;3;
01.05.2019 17:00;7,1;Ветер, дующий с запада;6;
01.05.2019 14:00;5,5;Ветер, дующий с запада;3;
01.05.2019 11:00;3,6;Ветер, дующий с запада;5;
01.05.2019 8:00;-0,2;Ветер, дующий с западо-юго-запада;1;
01.05.2019 5:00;-2,9;Ветер, дующий с юго-запада;1;
01.05.2019 2:00;-1,5;Ветер, дующий с запада;2;
30.04.2019 23:00;0,1;Ветер, дующий с запада;2;
30.04.2019 20:00;2,2;Ветер, дующий с запада;4;
30.04.2019 17:00;4,1;Ветер, дующий с запада;6;
30.04.2019 14:00;4,3;Ветер, дующий с запада;3;
30.04.2019 11:00;1;Ветер, дующий с северо-запада;3;
30.04.2019 8:00;-3,3;Ветер, дующий с северо-запада;2;
30.04.2019 5:00;-6,6;Ветер, дующий с западо-северо-запада;2;
30.04.2019 2:00;-5,3;Ветер, дующий с западо-северо-запада;2;
29.04.2019 23:00;-4,2;Ветер, дующий с северо-запада;3;Ливень (ливни).
29.04.2019 20:00;-3,1;Ветер, дующий с северо-северо-запада;3;Ливень (ливни).
29.04.2019 17:00;-1,5;Ветер, дующий с северо-северо-запада;4;Ливень (ливни).
29.04.2019 14:00;-3,1;Ветер, дующий с северо-северо-запада;5;Ливень (ливни).
29.04.2019 11:00;-3,8;Ветер, дующий с севера;3;Ливень (ливни).
29.04.2019 8:00;-5,2;Ветер, дующий с северо-северо-запада;3;Ливень (ливни).
29.04.2019 5:00;-5;Ветер, дующий с севера;3;Ливень (ливни).
29.04.2019 2:00;-4,3;Ветер, дующий с севера;3;Ливень (ливни).
28.04.2019 23:00;-3,4;Ветер, дующий с северо-северо-запада;1;Ливень (ливни).
28.04.2019 20:00;-2,4;Ветер, дующий с западо-юго-запада;1;Ливень (ливни).
28.04.2019 17:00;-0,7;Ветер, дующий с северо-северо-запада;1;Ливень (ливни).
28.04.2019 14:00;0,1;Ветер, дующий с юга;1;Ливень (ливни).
28.04.2019 11:00;1,6;Ветер, дующий с востока;1;Ливень (ливни).
28.04.2019 8:00;2,7;Ветер, дующий с юго-запада;1;Ливень (ливни).
28.04.2019 5:00;5,3;Ветер, дующий с западо-северо-запада;1;Облака покрывали более половины неба в течение всего соответствующего периода.
28.04.2019 2:00;7,8;Ветер, дующий с северо-северо-запада;1;
27.04.2019 23:00;8;Ветер, дующий с юго-юго-запада;3;Дождь со снегом или другими видами твердых осадков
27.04.2019 20:00;7;Ветер, дующий с запада;4;Дождь со снегом или другими видами твердых осадков
27.04.2019 17:00;2,6;Ветер, дующий с юга;3;Дождь со снегом или другими видами твердых осадков
27.04.2019 14:00;5,9;Ветер, дующий с запада;4;
27.04.2019 11:00;3;Ветер, дующий с западо-северо-запада;4;
27.04.2019 8:00;-0,9;Ветер, дующий с северо-северо-запада;2;
27.04.2019 5:00;-1,6;Ветер, дующий с северо-запада;3;
27.04.2019 2:00;0,8;Ветер, дующий с северо-северо-запада;4;
26.04.2019 23:00;2,3;Ветер, дующий с запада;3;Ливень (ливни).
26.04.2019 20:00;4,3;Ветер, дующий с северо-запада;5;Облака покрывали более половины неба в течение всего соответствующего периода.
26.04.2019 17:00;7,4;Ветер, дующий с западо-северо-запада;3;
26.04.2019 14:00;7,7;Ветер, дующий с запада;2;
26.04.2019 11:00;4,8;Ветер, дующий с запада;3;
26.04.2019 8:00;1,2;Ветер, дующий с запада;2;
26.04.2019 5:00;0,5;Ветер, дующий с северо-северо-запада;2;Ливень (ливни).
26.04.2019 2:00;0,8;Ветер, дующий с северо-северо-запада;2;Ливень (ливни).
25.04.2019 23:00;1,4;Ветер, дующий с северо-северо-запада;2;Ливень (ливни).
25.04.2019 20:00;3,2;Ветер, дующий с востоко-северо-востока;1;Ливень (ливни).
25.04.2019 17:00;5,8;Ветер, дующий с северо-запада;3;Ливень (ливни).
25.04.2019 14:00;7,6;Ветер, дующий с северо-запада;3;
25.04.2019 11:00;5,2;Ветер, дующий с северо-запада;4;
25.04.2019 8:00;2,6;Ветер, дующий с севера;3;
25.04.2019 5:00;2,8;Ветер, дующий с северо-северо-запада;3;
25.04.2019 2:00;3,6;Ветер, дующий с северо-запада;4;
24.04.2019 23:00;4,6;Ветер, дующий с северо-запада;4;Ливень (ливни).
24.04.2019 20:00;5;Ветер, дующий с запада;3;Ливень (ливни).
24.04.2019 17:00;9,1;Ветер, дующий с западо-северо-запада;3;
24.04.2019 14:00;8,4;Ветер, дующий с запада;3;
24.04.2019 11:00;5,4;Ветер, дующий с западо-северо-запада;4;
24.04.2019 8:00;3,8;Ветер, дующий с западо-северо-запада;3;
24.04.2019 5:00;3,4;Ветер, дующий с западо-северо-запада;2;
24.04.2019 2:00;4,5;Ветер, дующий с северо-запада;2;
23.04.2019 23:00;6,8;Ветер, дующий с западо-северо-запада;3;Ливень (ливни).
23.04.2019 20:00;7,8;Ветер, дующий с северо-запада;4;
23.04.2019 17:00;11;Ветер, дующий с западо-северо-запада;5;Облака покрывали более половины неба в течение всего соответствующего периода.
23.04.2019 14:00;13,5;Ветер, дующий с северо-запада;5;
23.04.2019 11:00;13,4;Ветер, дующий с западо-северо-запада;4;
23.04.2019 8:00;7,9;Ветер, дующий с западо-северо-запада;2;
23.04.2019 5:00;7,5;Ветер, дующий с запада;3;
23.04.2019 2:00;7,4;Ветер, дующий с юго-юго-запада;1;
22.04.2019 23:00;8,5;Ветер, дующий с юго-запада;1;
22.04.2019 20:00;12,3;Ветер, дующий с северо-запада;2;
22.04.2019 17:00;11,9;Ветер, дующий с западо-северо-запада;3;
22.04.2019 14:00;11;Ветер, дующий с западо-северо-запада;4;
22.04.2019 11:00;8,6;Ветер, дующий с западо-северо-запада;4;Дождь.
22.04.2019 8:00;5,3;Ветер, дующий с западо-северо-запада;3;Дождь.
22.04.2019 5:00;5;Ветер, дующий с западо-северо-запада;3;
22.04.2019 2:00;5,6;Ветер, дующий с западо-северо-запада;2;
21.04.2019 23:00;6,4;Ветер, дующий с западо-северо-запада;3;
21.04.2019 20:00;7,5;Ветер, дующий с западо-северо-запада;3;
21.04.2019 17:00;10,3;Ветер, дующий с запада;4;
21.04.2019 14:00;7,3;Ветер, дующий с западо-северо-запада;3;
21.04.2019 11:00;7;Ветер, дующий с западо-северо-запада;3;Ливень (ливни).
21.04.2019 8:00;2,9;Ветер, дующий с западо-северо-запада;2;
21.04.2019 5:00;1,4;Ветер, дующий с западо-северо-запада;2;
21.04.2019 2:00;1,5;Ветер, дующий с западо-северо-запада;1;
20.04.2019 23:00;2,7;Ветер, дующий с запада;2;
20.04.2019 20:00;3,8;Ветер, дующий с западо-северо-запада;3;
20.04.2019 17:00;5,4;Ветер, дующий с западо-северо-запада;4;
20.04.2019 14:00;5,1;Ветер, дующий с западо-северо-запада;3;
20.04.2019 11:00;4,2;Ветер, дующий с западо-северо-запада;3;
20.04.2019 8:00;0,2;Ветер, дующий с западо-северо-запада;3;
20.04.2019 5:00;-0,8;Ветер, дующий с западо-северо-запада;3;
20.04.2019 2:00;0,9;Ветер, дующий с западо-северо-запада;2;
19.04.2019 23:00;3,9;Ветер, дующий с северо-северо-запада;2;
19.04.2019 20:00;7;Ветер, дующий с северо-запада;3;
19.04.2019 17:00;9,6;Ветер, дующий с северо-запада;2;
19.04.2019 14:00;8;Ветер, дующий с северо-запада;3;
19.04.2019 11:00;4,8;Ветер, дующий с северо-запада;3;
19.04.2019 8:00;-1,1;Ветер, дующий с запада;1;
19.04.2019 5:00;-3,9;Ветер, дующий с западо-юго-запада;1;
19.04.2019 2:00;-2,1;Ветер, дующий с западо-юго-запада;1;
18.04.2019 23:00;0,4;Ветер, дующий с западо-северо-запада;1;
18.04.2019 20:00;3,1;Ветер, дующий с западо-северо-запада;3;
18.04.2019 17:00;5,4;Ветер, дующий с западо-северо-запада;3;
18.04.2019 14:00;3,6;Ветер, дующий с запада;3;
18.04.2019 11:00;-0,1;Ветер, дующий с запада;4;
18.04.2019 8:00;-6,1;Ветер, дующий с запада;3;
18.04.2019 5:00;-7,4;Ветер, дующий с запада;2;
18.04.2019 2:00;-6,1;Ветер, дующий с западо-северо-запада;2;
17.04.2019 23:00;-4,2;Ветер, дующий с западо-северо-запада;3;
17.04.2019 20:00;-2,5;Ветер, дующий с северо-северо-запада;4;
17.04.2019 17:00;-1,7;Ветер, дующий с северо-северо-запада;4;Ливень (ливни).
17.04.2019 14:00;-4,7;Ветер, дующий с северо-северо-запада;4;Ливень (ливни).
17.04.2019 11:00;-8,3;Ветер, дующий с северо-северо-запада;6;Ливень (ливни).
17.04.2019 8:00;-9,9;Ветер, дующий с северо-северо-запада;4;
17.04.2019 5:00;-9,9;Ветер, дующий с северо-северо-запада;4;Ливень (ливни).
17.04.2019 2:00;-7,7;Ветер, дующий с севера;4;Ливень (ливни).
16.04.2019 23:00;-4,6;Ветер, дующий с северо-северо-запада;6;Ливень (ливни).
16.04.2019 20:00;-1,2;Ветер, дующий с северо-северо-запада;4;Ливень (ливни).
16.04.2019 17:00;1,9;Ветер, дующий с северо-запада;4;Ливень (ливни).
16.04.2019 14:00;3,3;Ветер, дующий с северо-запада;3;Ливень (ливни).
16.04.2019 11:00;3,3;Ветер, дующий с запада;4;Ливень (ливни).
16.04.2019 8:00;0,6;Ветер, дующий с запада;4;Ливень (ливни).
16.04.2019 5:00;1,3;Ветер, дующий с запада;4;Ливень (ливни).
16.04.2019 2:00;1,6;Ветер, дующий с запада;4;
15.04.2019 23:00;2,8;Ветер, дующий с западо-северо-запада;4;
15.04.2019 20:00;4,9;Ветер, дующий с запада;3;
15.04.2019 17:00;7,8;Ветер, дующий с запада;4;
15.04.2019 14:00;6,7;Ветер, дующий с запада;3;
15.04.2019 11:00;1,3;Ветер, дующий с северо-запада;2;
15.04.2019 8:00;-3,1;Ветер, дующий с западо-юго-запада;1;
15.04.2019 5:00;-4,5;Ветер, дующий с юго-востока;1;
15.04.2019 2:00;-3,2;Ветер, дующий с востоко-северо-востока;1;
14.04.2019 23:00;-1,7;Ветер, дующий с востоко-северо-востока;2;
14.04.2019 20:00;1,2;Ветер, дующий с востока;1;
14.04.2019 17:00;3,9;Ветер, дующий с северо-северо-востока;2;
14.04.2019 14:00;3,6;Ветер, дующий с востока;2;
14.04.2019 11:00;0;Ветер, дующий с востоко-северо-востока;1;
14.04.2019 8:00;-1,4;Ветер, дующий с востока;2;
14.04.2019 5:00;0;Ветер, дующий с востоко-северо-востока;2;
14.04.2019 2:00;3,2;Ветер, дующий с востока;1;
13.04.2019 23:00;5,1;Ветер, дующий с юго-востока;2;Ливень (ливни).
13.04.2019 20:00;5,4;Ветер, дующий с запада;1;
13.04.2019 17:00;6,1;Ветер, дующий с юго-запада;2;
13.04.2019 14:00;5,6;Ветер, дующий с западо-юго-запада;1;
13.04.2019 11:00;4,4;Ветер, дующий с севера;1;
13.04.2019 8:00;2,7;Ветер, дующий с северо-северо-запада;1;
13.04.2019 5:00;2,6;Ветер, дующий с севера;2;Ливень (ливни).
13.04.2019 2:00;4,7;Ветер, дующий с северо-северо-запада;1;
12.04.2019 23:00;9,4;Ветер, дующий с северо-северо-запада;3;
12.04.2019 20:00;14,8;Ветер, дующий с запада;4;
12.04.2019 17:00;18;Ветер, дующий с запада;6;
12.04.2019 14:00;18,1;Ветер, дующий с запада;7;
12.04.2019 11:00;16,8;Ветер, дующий с западо-юго-запада;4;
12.04.2019 8:00;9,7;Ветер, дующий с западо-юго-запада;2;
12.04.2019 5:00;7,8;Ветер, дующий с запада;1;
12.04.2019 2:00;8,3;Ветер, дующий с юго-востока;1;
11.04.2019 23:00;10,8;Ветер, дующий с западо-юго-запада;2;
11.04.2019 20:00;14;Ветер, дующий с запада;2;
11.04.2019 17:00;17;Ветер, дующий с западо-юго-запада;3;
11.04.2019 14:00;17,5;Ветер, дующий с западо-юго-запада;2;
11.04.2019 11:00;13,1;Ветер, дующий с запада;2;
11.04.2019 8:00;3,8;Ветер, дующий с юго-юго-запада;1;
11.04.2019 5:00;2,6;Ветер, дующий с запада;1;
11.04.2019 2:00;5,1;Ветер, дующий с юга;1;
10.04.2019 23:00;8,7;Ветер, дующий с юга;1;
10.04.2019 20:00;13,3;Ветер, дующий с запада;2;
10.04.2019 17:00;16,7;Ветер, дующий с юго-запада;2;
10.04.2019 14:00;14,6;Ветер, дующий с юго-юго-востока;2;
10.04.2019 11:00;10,9;Ветер, дующий с юго-востока;2;
10.04.2019 8:00;1,9;Ветер, дующий с юго-юго-востока;1;
10.04.2019 5:00;1;Ветер, дующий с юго-востока;2;
10.04.2019 2:00;3,7;Ветер, дующий с юго-востока;1;
09.04.2019 23:00;5,2;Ветер, дующий с востоко-юго-востока;1;
09.04.2019 20:00;9;Ветер, дующий с востока;1;
09.04.2019 17:00;12,2;Ветер, дующий с востоко-северо-востока;1;
09.04.2019 14:00;10,2;Ветер, дующий с северо-запада;1;
09.04.2019 11:00;6,2;Ветер, дующий с западо-северо-запада;3;
09.04.2019 8:00;1,3;Ветер, дующий с западо-северо-запада;2;
09.04.2019 5:00;0,8;Ветер, дующий с запада;2;
09.04.2019 2:00;2,4;Ветер, дующий с запада;2;
08.04.2019 23:00;3,7;Ветер, дующий с запада;2;
08.04.2019 20:00;6,1;Ветер, дующий с запада;3;
08.04.2019 17:00;7,1;Ветер, дующий с западо-юго-запада;4;Ливень (ливни).
08.04.2019 14:00;6,9;Ветер, дующий с юго-запада;3;Ливень (ливни).
08.04.2019 11:00;8,6;Ветер, дующий с запада;3;
08.04.2019 8:00;5,2;Ветер, дующий с юга;2;
08.04.2019 5:00;4,4;Ветер, дующий с юга;2;
08.04.2019 2:00;4,3;Ветер, дующий с юго-юго-востока;2;
07.04.2019 23:00;6,9;Ветер, дующий с юго-юго-востока;3;
07.04.2019 20:00;9,8;Ветер, дующий с юго-юго-востока;3;
07.04.2019 17:00;13;Ветер, дующий с юга;2;
07.04.2019 14:00;11,7;Ветер, дующий с юго-востока;1;
07.04.2019 11:00;9,4;Ветер, дующий с западо-северо-запада;2;
07.04.2019 8:00;1,9;Ветер, дующий с юго-запада;1;
07.04.2019 5:00;1,1;Ветер, дующий с западо-юго-запада;1;
07.04.2019 2:00;2,7;Ветер, дующий с запада;2;
06.04.2019 23:00;5;Ветер, дующий с запада;2;
06.04.2019 20:00;8,5;Ветер, дующий с запада;3;
06.04.2019 17:00;12,1;Ветер, дующий с запада;4;
06.04.2019 14:00;11,4;Ветер, дующий с запада;4;
06.04.2019 11:00;8,5;Ветер, дующий с западо-северо-запада;2;
06.04.2019 8:00;1,2;Ветер, дующий с северо-запада;3;
06.04.2019 5:00;0,2;Ветер, дующий с юго-запада;1;
06.04.2019 2:00;1,6;Ветер, дующий с юго-юго-запада;1;
05.04.2019 23:00;4,1;Ветер, дующий с юга;1;
05.04.2019 20:00;7,8;Ветер, дующий с юго-востока;2;
05.04.2019 17:00;10,9;Ветер, дующий с юга;1;
05.04.2019 14:00;9,6;Ветер, дующий с юго-юго-запада;1;
05.04.2019 11:00;5,9;Ветер, дующий с западо-северо-запада;1;
05.04.2019 8:00;-1,5;Штиль, безветрие;0;
05.04.2019 5:00;-1,9;Ветер, дующий с северо-запада;1;
05.04.2019 2:00;-0,7;Штиль, безветрие;0;
04.04.2019 23:00;2,3;Штиль, безветрие;0;
04.04.2019 20:00;5,2;Ветер, дующий с востока;1;
04.04.2019 17:00;7,7;Ветер, дующий с востока;2;
04.04.2019 14:00;6,9;Ветер, дующий с востока;4;
04.04.2019 11:00;4,5;Ветер, дующий с востока;2;
04.04.2019 8:00;-0,1;Ветер, дующий с востока;1;
04.04.2019 5:00;0,3;Ветер, дующий с востоко-северо-востока;1;
04.04.2019 2:00;1,3;Ветер, дующий с востока;1;
03.04.2019 23:00;2,3;Ветер, дующий с востоко-северо-востока;1;Дождь.
03.04.2019 20:00;3,4;Ветер, дующий с востоко-северо-востока;3;Дождь.
03.04.2019 17:00;4,9;Ветер, дующий с востока;4;
03.04.2019 14:00;4,9;Ветер, дующий с востока;3;
03.04.2019 11:00;3,5;Ветер, дующий с востока;2;Ливень (ливни).
03.04.2019 8:00;1,2;Ветер, дующий с востоко-северо-востока;3;Ливень (ливни).
03.04.2019 5:00;1,4;Ветер, дующий с востоко-северо-востока;2;
03.04.2019 2:00;2;Ветер, дующий с востоко-северо-востока;2;
02.04.2019 23:00;3,1;Ветер, дующий с востока;1;
02.04.2019 20:00;4,9;Ветер, дующий с юго-востока;2;
02.04.2019 17:00;7,6;Ветер, дующий с северо-запада;1;
02.04.2019 14:00;7;Ветер, дующий с северо-запада;3;
02.04.2019 11:00;4,6;Ветер, дующий с западо-северо-запада;3;
02.04.2019 8:00;-0,8;Ветер, дующий с запада;2;
02.04.2019 5:00;-0,7;Ветер, дующий с западо-северо-запада;2;
02.04.2019 2:00;0,8;Ветер, дующий с западо-северо-запада;4;
01.04.2019 23:00;4,6;Ветер, дующий с запада;5;Ливень (ливни).
01.04.2019 20:00;5,8;Ветер, дующий с запада;6;Ливень (ливни).
01.04.2019 17:00;8,4;Ветер, дующий с западо-юго-запада;4;
01.04.2019 14:00;6,3;Ветер, дующий с западо-юго-запада;5;
01.04.2019 11:00;3,7;Ветер, дующий с западо-юго-запада;4;Ливень (ливни).
01.04.2019 8:00;3;Ветер, дующий с юго-запада;3;Ливень (ливни).
01.04.2019 5:00;1,7;Ветер, дующий с юго-юго-запада;4;
01.04.2019 2:00;1,2;Ветер, дующий с юго-юго-запада;2;
31.03.2019 23:00;1,2;Ветер, дующий с запада;3;Ливень (ливни).
31.03.2019 20:00;1,7;Ветер, дующий с запада;4;Ливень (ливни).
31.03.2019 17:00;3,2;Ветер, дующий с запада;6;
31.03.2019 14:00;4,5;Ветер, дующий с западо-юго-запада;6;
31.03.2019 11:00;0,3;Ветер, дующий с запада;6;Ливень (ливни).
31.03.2019 8:00;-1,2;Ветер, дующий с запада;5;Ливень (ливни).
31.03.2019 5:00;-1,4;Ветер, дующий с западо-юго-запада;4;Ливень (ливни).
31.03.2019 2:00;-1,6;Ветер, дующий с юго-запада;4;Ливень (ливни).
30.03.2019 23:00;-0,9;Ветер, дующий с западо-юго-запада;7;Ливень (ливни).
30.03.2019 20:00;0,5;Ветер, дующий с юго-запада;5;Облака покрывали более половины неба в течение всего соответствующего периода.
30.03.2019 17:00;2,3;Ветер, дующий с западо-юго-запада;7;
30.03.2019 14:00;4,4;Ветер, дующий с западо-юго-запада;7;
30.03.2019 11:00;2,5;Ветер, дующий с западо-юго-запада;6;Ливень (ливни).
30.03.2019 8:00;0,5;Ветер, дующий с западо-юго-запада;4;Ливень (ливни).
30.03.2019 5:00;0,8;Ветер, дующий с западо-юго-запада;4;
30.03.2019 2:00;0,7;Ветер, дующий с западо-юго-запада;3;
29.03.2019 23:00;0,7;Ветер, дующий с юго-юго-востока;1;
29.03.2019 20:00;1,5;Ветер, дующий с юго-юго-востока;1;
29.03.2019 17:00;2,1;Ветер, дующий с запада;1;Дождь со снегом или другими видами твердых осадков
29.03.2019 14:00;2,9;Ветер, дующий с юго-запада;1;Дождь со снегом или другими видами твердых осадков
29.03.2019 11:00;0,2;Ветер, дующий с востоко-юго-востока;1;Ливень (ливни).
29.03.2019 8:00;-1;Ветер, дующий с востока;1;Ливень (ливни).
29.03.2019 5:00;-1,3;Ветер, дующий с востока;1;Ливень (ливни).
29.03.2019 2:00;0,6;Ветер, дующий с востока;3;
28.03.2019 23:00;1,6;Ветер, дующий с востоко-юго-востока;3;
28.03.2019 20:00;2,5;Ветер, дующий с востока;3;
28.03.2019 17:00;6,9;Ветер, дующий с востоко-юго-востока;4;
28.03.2019 14:00;7,4;Ветер, дующий с юго-востока;4;
28.03.2019 11:00;4,6;Ветер, дующий с юго-востока;4;
28.03.2019 8:00;0,4;Ветер, дующий с юго-востока;2;
28.03.2019 5:00;1;Ветер, дующий с востоко-юго-востока;1;
28.03.2019 2:00;2,2;Ветер, дующий с юго-востока;1;
27.03.2019 23:00;3;Ветер, дующий с юго-юго-запада;1;
27.03.2019 20:00;3;Ветер, дующий с юго-юго-запада;2;
27.03.2019 17:00;4;Ветер, дующий с западо-юго-запада;3;Ливень (ливни).
27.03.2019 14:00;2,8;Ветер, дующий с юго-запада;3;Ливень (ливни).
27.03.2019 11:00;-0,2;Ветер, дующий с юга;3;Ливень (ливни).
27.03.2019 8:00;-0,7;Ветер, дующий с юго-юго-востока;3;
27.03.2019 5:00;-1,4;Ветер, дующий с юго-юго-запада;3;
27.03.2019 2:00;-1;Ветер, дующий с запада;3;
26.03.2019 23:00;0,3;Ветер, дующий с запада;3;Ливень (ливни).
26.03.2019 20:00;0,9;Ветер, дующий с западо-юго-запада;5;Ливень (ливни).
26.03.2019 17:00;1,1;Ветер, дующий с западо-юго-запада;5;Ливень (ливни).
26.03.2019 14:00;2,3;Ветер, дующий с западо-юго-запада;5;Ливень (ливни).
26.03.2019 11:00;1,6;Ветер, дующий с юго-юго-запада;4;Ливень (ливни).
26.03.2019 8:00;-0,2;Ветер, дующий с юга;3;
26.03.2019 5:00;0,3;Ветер, дующий с юга;3;Дождь со снегом или другими видами твердых осадков
26.03.2019 2:00;0,5;Ветер, дующий с юго-юго-востока;2;Дождь со снегом или другими видами твердых осадков
25.03.2019 23:00;0,6;Ветер, дующий с юго-юго-востока;2;Ливень (ливни).
25.03.2019 20:00;3,5;Ветер, дующий с юго-юго-востока;7;Ливень (ливни).
25.03.2019 17:00;4,8;Ветер, дующий с юго-востока;7;Ливень (ливни).
25.03.2019 14:00;5,6;Ветер, дующий с юго-юго-востока;6;Ливень (ливни).
25.03.2019 11:00;3,1;Ветер, дующий с юго-востока;4;
25.03.2019 8:00;-2;Ветер, дующий с юго-востока;2;
25.03.2019 5:00;-2;Ветер, дующий с юго-востока;1;
25.03.2019 2:00;-0,8;Ветер, дующий с юго-юго-запада;2;
24.03.2019 23:00;0,5;Ветер, дующий с запада;2;
24.03.2019 20:00;2,8;Ветер, дующий с запада;3;
24.03.2019 17:00;5,4;Ветер, дующий с юга;2;
24.03.2019 14:00;5,9;Ветер, дующий с юго-юго-востока;2;
24.03.2019 11:00;4;Ветер, дующий с юго-юго-востока;3;
24.03.2019 8:00;-1,2;Ветер, дующий с юго-юго-востока;1;
24.03.2019 5:00;-0,2;Ветер, дующий с юго-юго-востока;1;
24.03.2019 2:00;0,3;Ветер, дующий с востоко-юго-востока;1;
23.03.2019 23:00;0,8;Ветер, дующий с востока;1;
23.03.2019 20:00;2,3;Штиль, безветрие;0;
23.03.2019 17:00;3,9;Ветер, дующий с северо-запада;2;
23.03.2019 14:00;2,9;Ветер, дующий с северо-запада;1;
23.03.2019 11:00;3,3;Ветер, дующий с западо-северо-запада;3;
23.03.2019 8:00;0;Ветер, дующий с запада;2;
23.03.2019 5:00;0,9;Ветер, дующий с запада;2;
23.03.2019 2:00;1,7;Ветер, дующий с юго-юго-востока;1;
22.03.2019 23:00;2,4;Ветер, дующий с юго-востока;1;
22.03.2019 20:00;3,7;Ветер, дующий с востоко-юго-востока;2;
22.03.2019 17:00;6,4;Ветер, дующий с востока;1;Ливень (ливни).
22.03.2019 14:00;5,5;Ветер, дующий с юго-юго-востока;2;Дождь.
22.03.2019 11:00;2,4;Ветер, дующий с юго-юго-востока;2;Дождь со снегом или другими видами твердых осадков
22.03.2019 8:00;0,7;Штиль, безветрие;0;Дождь со снегом или другими видами твердых осадков
22.03.2019 5:00;0,7;Ветер, дующий с юго-юго-запада;1;Дождь со снегом или другими видами твердых осадков
22.03.2019 2:00;1,8;Ветер, дующий с западо-северо-запада;2;
21.03.2019 23:00;2,4;Ветер, дующий с западо-северо-запада;2;Ливень (ливни).
21.03.2019 20:00;2,9;Ветер, дующий с запада;2;Ливень (ливни).
21.03.2019 17:00;3,9;Ветер, дующий с западо-северо-запада;4;
21.03.2019 14:00;4,6;Ветер, дующий с запада;4;
21.03.2019 11:00;5,6;Ветер, дующий с юго-юго-запада;1;
21.03.2019 8:00;-0,3;Ветер, дующий с юго-юго-востока;1;
21.03.2019 5:00;0,6;Ветер, дующий с юго-юго-запада;1;
21.03.2019 2:00;1,1;Ветер, дующий с юго-запада;1;
20.03.2019 23:00;3;Ветер, дующий с юго-юго-запада;1;
20.03.2019 20:00;5,8;Ветер, дующий с западо-юго-запада;2;
20.03.2019 17:00;10,1;Ветер, дующий с юга;1;
20.03.2019 14:00;8,7;Ветер, дующий с юго-юго-востока;2;
20.03.2019 11:00;2,2;Ветер, дующий с юго-юго-востока;1;
20.03.2019 8:00;-8,3;Ветер, дующий с юго-востока;1;
20.03.2019 5:00;-7,9;Ветер, дующий с юго-востока;2;
20.03.2019 2:00;-6,3;Ветер, дующий с юго-юго-востока;2;
19.03.2019 23:00;-3,5;Ветер, дующий с юго-востока;2;
19.03.2019 20:00;-0,6;Ветер, дующий с юго-востока;2;
19.03.2019 17:00;4;Ветер, дующий с юго-востока;3;
19.03.2019 14:00;3,5;Ветер, дующий с юго-востока;3;
19.03.2019 11:00;0;Ветер, дующий с юга;2;
19.03.2019 8:00;-6,1;Ветер, дующий с юго-востока;2;
19.03.2019 5:00;-5;Ветер, дующий с юго-востока;2;
19.03.2019 2:00;-3,4;Ветер, дующий с юго-востока;2;
18.03.2019 23:00;-1,7;Ветер, дующий с юго-юго-востока;2;
18.03.2019 20:00;0,2;Ветер, дующий с юго-востока;3;
18.03.2019 17:00;3,3;Ветер, дующий с юго-востока;4;
18.03.2019 14:00;4;Ветер, дующий с юго-востока;2;
18.03.2019 11:00;0;Ветер, дующий с юго-юго-востока;2;
18.03.2019 8:00;-4,2;Ветер, дующий с юго-юго-востока;1;
18.03.2019 5:00;-4,6;Ветер, дующий с юго-востока;1;
18.03.2019 2:00;-3,1;Ветер, дующий с востоко-юго-востока;1;
17.03.2019 23:00;-1,5;Ветер, дующий с юго-востока;3;
17.03.2019 20:00;-0,4;Ветер, дующий с юго-востока;3;
17.03.2019 17:00;2,9;Ветер, дующий с востоко-юго-востока;4;
17.03.2019 14:00;2,2;Ветер, дующий с востоко-юго-востока;3;
17.03.2019 11:00;-1,3;Ветер, дующий с юго-востока;2;
17.03.2019 8:00;-9,5;Ветер, дующий с юго-востока;1;
17.03.2019 5:00;-8,8;Ветер, дующий с юга;1;
17.03.2019 2:00;-6,3;Ветер, дующий с юга;1;
16.03.2019 23:00;-3,5;Ветер, дующий с западо-северо-запада;1;
16.03.2019 20:00;-2;Ветер, дующий с западо-северо-запада;2;
16.03.2019 17:00;0,6;Ветер, дующий с западо-северо-запада;4;
16.03.2019 14:00;-1,1;Ветер, дующий с западо-северо-запада;4;
16.03.2019 11:00;-4,7;Ветер, дующий с западо-северо-запада;5;
16.03.2019 8:00;-9,3;Ветер, дующий с западо-северо-запада;3;
16.03.2019 5:00;-9,1;Ветер, дующий с западо-северо-запада;4;
16.03.2019 2:00;-7,9;Ветер, дующий с западо-северо-запада;4;
15.03.2019 23:00;-6,2;Ветер, дующий с западо-северо-запада;4;Метель
15.03.2019 20:00;-4,5;Ветер, дующий с западо-северо-запада;6;Метель
15.03.2019 17:00;-3,5;Ветер, дующий с западо-северо-запада;5;Ливень (ливни).
15.03.2019 14:00;-4,9;Ветер, дующий с западо-северо-запада;8;Ливень (ливни).
15.03.2019 11:00;-5,8;Ветер, дующий с западо-северо-запада;7;Снег и/или другие виды твердых осадков
15.03.2019 8:00;-6,7;Ветер, дующий с западо-северо-запада;6;Снег и/или другие виды твердых осадков
15.03.2019 5:00;-5,2;Ветер, дующий с западо-северо-запада;5;Снег и/или другие виды твердых осадков
15.03.2019 2:00;-4;Ветер, дующий с северо-запада;6;Снег и/или другие виды твердых осадков
14.03.2019 23:00;-4,3;Ветер, дующий с северо-северо-запада;4;Снег и/или другие виды твердых осадков
14.03.2019 20:00;-4,4;Ветер, дующий с северо-северо-запада;3;Снег и/или другие виды твердых осадков
14.03.2019 17:00;-4,1;Ветер, дующий с севера;2;Снег и/или другие виды твердых осадков
14.03.2019 14:00;-3,2;Ветер, дующий с востока;1;Снег и/или другие виды твердых осадков
14.03.2019 11:00;-2,7;Штиль, безветрие;0;Ливень (ливни).
14.03.2019 8:00;-2,5;Штиль, безветрие;0;Ливень (ливни).
14.03.2019 5:00;-1,9;Ветер, дующий с северо-запада;2;
14.03.2019 2:00;-1,2;Ветер, дующий с запада;2;
13.03.2019 23:00;-1,1;Ветер, дующий с юго-юго-запада;2;
13.03.2019 20:00;-1,3;Ветер, дующий с юго-запада;2;
13.03.2019 17:00;0;Ветер, дующий с запада;6;
13.03.2019 14:00;-0,3;Ветер, дующий с западо-юго-запада;7;
13.03.2019 11:00;0,2;Ветер, дующий с запада;6;Ливень (ливни).
13.03.2019 8:00;0,7;Ветер, дующий с западо-юго-запада;5;Ливень (ливни).
13.03.2019 5:00;0,7;Ветер, дующий с западо-юго-запада;4;Ливень (ливни).
13.03.2019 2:00;1,2;Ветер, дующий с юго-юго-запада;4;Ливень (ливни).
12.03.2019 23:00;1,1;Ветер, дующий с юго-юго-востока;2;
12.03.2019 20:00;3,2;Ветер, дующий с юго-юго-востока;4;
12.03.2019 17:00;4,4;Ветер, дующий с юга;3;Ливень (ливни).
12.03.2019 14:00;2,6;Ветер, дующий с юго-юго-запада;3;Ливень (ливни).
12.03.2019 11:00;1,5;Ветер, дующий с юга;3;Ливень (ливни).
12.03.2019 8:00;-0,8;Ветер, дующий с юго-востока;4;Ливень (ливни).
12.03.2019 5:00;1;Ветер, дующий с юго-юго-востока;4;Ливень (ливни).
12.03.2019 2:00;1,8;Ветер, дующий с юго-востока;3;
11.03.2019 23:00;2,9;Ветер, дующий с юго-востока;3;
11.03.2019 20:00;3,7;Ветер, дующий с юго-востока;3;
11.03.2019 17:00;4,5;Ветер, дующий с юго-юго-запада;2;Ливень (ливни).
11.03.2019 14:00;3,9;Ветер, дующий с юго-юго-запада;2;Дождь со снегом или другими видами твердых осадков
11.03.2019 11:00;-0,1;Ветер, дующий с юго-востока;3;Снег и/или другие виды твердых осадков
11.03.2019 8:00;-3,7;Ветер, дующий с юго-востока;3;Облака покрывали более половины неба в течение одной части соответствующего периода и половину или менее в течение другой части периода.
11.03.2019 5:00;-4,5;Ветер, дующий с юго-востока;2;
11.03.2019 2:00;-2,7;Ветер, дующий с юга;2;
10.03.2019 23:00;-1,1;Ветер, дующий с запада;2;Ливень (ливни).
10.03.2019 20:00;0,6;Ветер, дующий с западо-юго-запада;4;Ливень (ливни).
10.03.2019 17:00;2,3;Ветер, дующий с западо-юго-запада;4;Ливень (ливни).
10.03.2019 14:00;1,6;Ветер, дующий с западо-юго-запада;4;
10.03.2019 11:00;0,7;Ветер, дующий с западо-юго-запада;5;Ливень (ливни).
10.03.2019 8:00;-0,2;Ветер, дующий с западо-юго-запада;4;Ливень (ливни).
10.03.2019 5:00;-1,3;Ветер, дующий с юго-юго-запада;3;Ливень (ливни).
10.03.2019 2:00;0;Ветер, дующий с западо-юго-запада;5;
09.03.2019 23:00;0,6;Ветер, дующий с юго-запада;4;
09.03.2019 20:00;0,6;Ветер, дующий с юга;4;
09.03.2019 17:00;2,2;Ветер, дующий с юго-юго-запада;4;
09.03.2019 14:00;1;Ветер, дующий с юго-юго-запада;3;
09.03.2019 11:00;-1,6;Ветер, дующий с западо-юго-запада;4;
09.03.2019 8:00;-4,6;Ветер, дующий с юго-запада;2;
09.03.2019 5:00;-4,7;Ветер, дующий с запада;6;
09.03.2019 2:00;-4,8;Ветер, дующий с западо-юго-запада;5;
08.03.2019 23:00;-4,1;Ветер, дующий с запада;4;
08.03.2019 20:00;-3;Ветер, дующий с запада;4;
08.03.2019 17:00;-1;Ветер, дующий с западо-юго-запада;4;
08.03.2019 14:00;-2,4;Ветер, дующий с запада;6;
08.03.2019 11:00;-7,4;Ветер, дующий с западо-юго-запада;4;
08.03.2019 8:00;-11,2;Ветер, дующий с западо-юго-запада;4;
08.03.2019 5:00;-10,8;Ветер, дующий с западо-юго-запада;3;
08.03.2019 2:00;-9,1;Ветер, дующий с западо-северо-запада;1;
07.03.2019 23:00;-7,8;Ветер, дующий с запада;6;
07.03.2019 20:00;-6,9;Ветер, дующий с запада;5;
07.03.2019 17:00;-5,3;Ветер, дующий с запада;5;Ливень (ливни).
07.03.2019 14:00;-3,1;Ветер, дующий с западо-северо-запада;7;Ливень (ливни).
07.03.2019 11:00;1,5;Ветер, дующий с запада;6;Ливень (ливни).
07.03.2019 8:00;1,7;Ветер, дующий с юго-запада;4;Ливень (ливни).
07.03.2019 5:00;1,8;Ветер, дующий с юго-запада;5;
07.03.2019 2:00;2,1;Ветер, дующий с юго-запада;3;
06.03.2019 23:00;2,2;Ветер, дующий с юго-запада;4;Ливень (ливни).
06.03.2019 20:00;2,1;Ветер, дующий с юга;2;Ливень (ливни).
06.03.2019 17:00;1,8;Ветер, дующий с юго-юго-востока;4;
06.03.2019 14:00;3,2;Ветер, дующий с юго-юго-запада;3;
06.03.2019 11:00;-3,9;Ветер, дующий с юго-юго-востока;3;Снег и/или другие виды твердых осадков
06.03.2019 8:00;-7,7;Ветер, дующий с юго-востока;4;
06.03.2019 5:00;-10;Ветер, дующий с юго-востока;2;
06.03.2019 2:00;-9,5;Ветер, дующий с юго-востока;2;
05.03.2019 23:00;-8,9;Ветер, дующий с юго-востока;1;Ливень (ливни).
05.03.2019 20:00;-7,3;Ветер, дующий с юга;1;
05.03.2019 17:00;-5,4;Ветер, дующий с запада;4;Ливень (ливни).
05.03.2019 14:00;-4,7;Ветер, дующий с западо-юго-запада;4;Ливень (ливни).
05.03.2019 11:00;-7,5;Ветер, дующий с запада;4;Ливень (ливни).
05.03.2019 8:00;-11,1;Ветер, дующий с западо-юго-запада;3;Ливень (ливни).
05.03.2019 5:00;-11;Ветер, дующий с запада;4;Ливень (ливни).
05.03.2019 2:00;-10,8;Ветер, дующий с запада;3;Ливень (ливни).
04.03.2019 23:00;-11,1;Ветер, дующий с запада;3;Ливень (ливни).
04.03.2019 20:00;-9,7;Ветер, дующий с запада;3;
04.03.2019 17:00;-7,7;Ветер, дующий с западо-юго-запада;4;Ливень (ливни).
04.03.2019 14:00;-8,3;Ветер, дующий с юго-запада;3;Снег и/или другие виды твердых осадков
04.03.2019 11:00;-8,2;Ветер, дующий с юго-запада;2;
04.03.2019 8:00;-12;Ветер, дующий с западо-юго-запада;3;
04.03.2019 5:00;-9,5;Ветер, дующий с запада;4;Метель
04.03.2019 2:00;-4,7;Ветер, дующий с запада;6;
03.03.2019 23:00;-2,4;Ветер, дующий с запада;4;Снег и/или другие виды твердых осадков
03.03.2019 20:00;-3;Ветер, дующий с северо-запада;2;Снег и/или другие виды твердых осадков
03.03.2019 17:00;-3,5;Ветер, дующий с северо-запада;2;Снег и/или другие виды твердых осадков
03.03.2019 14:00;-4,3;Ветер, дующий с северо-запада;3;Снег и/или другие виды твердых осадков
03.03.2019 11:00;-5,7;Ветер, дующий с северо-запада;2;Ливень (ливни).
03.03.2019 8:00;-7,2;Ветер, дующий с востока;1;Ливень (ливни).
03.03.2019 5:00;-6,8;Ветер, дующий с востоко-юго-востока;1;Ливень (ливни).
03.03.2019 2:00;-5,4;Ветер, дующий с юго-востока;3;Ливень (ливни).
02.03.2019 23:00;-3,8;Ветер, дующий с юго-востока;4;
02.03.2019 20:00;-2,3;Ветер, дующий с юго-востока;4;
02.03.2019 17:00;-0,4;Ветер, дующий с юго-юго-востока;3;Ливень (ливни).
02.03.2019 14:00;-0,2;Ветер, дующий с юго-юго-востока;3;Снег и/или другие виды твердых осадков
02.03.2019 11:00;-2,4;Ветер, дующий с юго-юго-востока;3;Снег и/или другие виды твердых осадков
02.03.2019 8:00;-5,1;Ветер, дующий с юго-востока;3;Снег и/или другие виды твердых осадков
02.03.2019 5:00;-3,5;Ветер, дующий с юго-востока;2;
02.03.2019 2:00;-3,1;Ветер, дующий с юга;2;
01.03.2019 23:00;-2,7;Ветер, дующий с юга;3;Ливень (ливни).
01.03.2019 20:00;-1,7;Ветер, дующий с юго-юго-запада;3;Ливень (ливни).
01.03.2019 17:00;-0,9;Ветер, дующий с юго-юго-запада;4;Снег и/или другие виды твердых осадков
01.03.2019 14:00;-0,4;Ветер, дующий с западо-юго-запада;4;Снег и/или другие виды твердых осадков
01.03.2019 11:00;-2,6;Ветер, дующий с юго-юго-запада;3;Снег и/или другие виды твердых осадков
01.03.2019 8:00;-4,8;Ветер, дующий с юго-юго-запада;3;
01.03.2019 5:00;-5,7;Ветер, дующий с юго-юго-запада;2;
01.03.2019 2:00;-5,2;Ветер, дующий с юго-запада;3;
28.02.2019 23:00;-5;Ветер, дующий с юго-запада;2;Метель
28.02.2019 20:00;-3,6;Ветер, дующий с юго-юго-запада;3;Метель
28.02.2019 17:00;-2,5;Ветер, дующий с юго-запада;4;Ливень (ливни).
28.02.2019 14:00;-2,7;Ветер, дующий с юго-юго-запада;2;Ливень (ливни).
28.02.2019 11:00;-5,2;Ветер, дующий с юга;2;
28.02.2019 8:00;-8,6;Ветер, дующий с юго-юго-запада;2;
28.02.2019 5:00;-8,2;Ветер, дующий с юго-юго-запада;2;Ливень (ливни).
28.02.2019 2:00;-7,4;Ветер, дующий с западо-юго-запада;2;Ливень (ливни).
27.02.2019 23:00;-7,2;Ветер, дующий с запада;2;Ливень (ливни).
27.02.2019 20:00;-6,5;Ветер, дующий с запада;3;Ливень (ливни).
27.02.2019 17:00;-5,3;Ветер, дующий с запада;2;Ливень (ливни).
27.02.2019 14:00;-5,4;Ветер, дующий с запада;3;Ливень (ливни).
27.02.2019 11:00;-6,9;Ветер, дующий с запада;3;Ливень (ливни).
27.02.2019 8:00;-7,6;Ветер, дующий с запада;3;Ливень (ливни).
27.02.2019 5:00;-7,7;Ветер, дующий с запада;3;Ливень (ливни).
27.02.2019 2:00;-8,8;Ветер, дующий с западо-юго-запада;3;Ливень (ливни).
26.02.2019 23:00;-7,1;Ветер, дующий с запада;2;Ливень (ливни).
26.02.2019 20:00;-6,8;Ветер, дующий с западо-юго-запада;2;Ливень (ливни).
26.02.2019 17:00;-6,1;Ветер, дующий с западо-юго-запада;2;Ливень (ливни).
26.02.2019 14:00;-6,4;Ветер, дующий с западо-юго-запада;4;
26.02.2019 11:00;-8,6;Ветер, дующий с юга;1;
26.02.2019 8:00;-12,7;Ветер, дующий с запада;2;
26.02.2019 5:00;-11,6;Ветер, дующий с запада;3;Ливень (ливни).
26.02.2019 2:00;-10,5;Ветер, дующий с запада;3;Ливень (ливни).
25.02.2019 23:00;-9,2;Ветер, дующий с западо-юго-запада;4;Ливень (ливни).
25.02.2019 20:00;-7,3;Ветер, дующий с запада;4;Ливень (ливни).
25.02.2019 17:00;-6,2;Ветер, дующий с запада;4;Ливень (ливни).
25.02.2019 14:00;-6,4;Ветер, дующий с запада;4;Метель
25.02.2019 11:00;-8,3;Ветер, дующий с запада;3;Ливень (ливни).
25.02.2019 8:00;-10,1;Ветер, дующий с запада;5;Ливень (ливни).
25.02.2019 5:00;-10,2;Ветер, дующий с запада;5;Ливень (ливни).
25.02.2019 2:00;-10;Ветер, дующий с запада;5;Ливень (ливни).
24.02.2019 23:00;-9,6;Ветер, дующий с запада;4;Ливень (ливни).
24.02.2019 20:00;-8,9;Ветер, дующий с запада;6;
24.02.2019 17:00;-6,7;Ветер, дующий с запада;4;
24.02.2019 14:00;-7,1;Ветер, дующий с запада;5;
24.02.2019 11:00;-8,9;Ветер, дующий с запада;4;Ливень (ливни).
24.02.2019 8:00;-10,4;Ветер, дующий с запада;4;
24.02.2019 5:00;-9,8;Ветер, дующий с запада;5;Ливень (ливни).
24.02.2019 2:00;-10,5;Ветер, дующий с запада;3;
23.02.2019 23:00;-9,9;Ветер, дующий с запада;3;
23.02.2019 20:00;-7,7;Ветер, дующий с запада;2;
23.02.2019 17:00;-5,1;Ветер, дующий с запада;3;
23.02.2019 14:00;-2,8;Ветер, дующий с западо-юго-запада;4;
23.02.2019 11:00;-3;Ветер, дующий с юго-юго-запада;2;
23.02.2019 8:00;-6,2;Ветер, дующий с юго-запада;2;
23.02.2019 5:00;-6;Ветер, дующий с юго-юго-востока;2;Ливень (ливни).
23.02.2019 2:00;-5,1;Ветер, дующий с юго-востока;3;Ливень (ливни).
22.02.2019 23:00;-5,1;Ветер, дующий с юго-востока;3;Метель
22.02.2019 20:00;-3,7;Ветер, дующий с юго-востока;3;Метель
22.02.2019 17:00;-2,4;Ветер, дующий с юго-юго-востока;4;Снег и/или другие виды твердых осадков
22.02.2019 14:00;-1,7;Ветер, дующий с юго-юго-востока;4;Снег и/или другие виды твердых осадков
22.02.2019 11:00;-3,4;Ветер, дующий с юго-востока;3;Снег и/или другие виды твердых осадков
22.02.2019 8:00;-4,9;Ветер, дующий с юго-юго-востока;3;
22.02.2019 5:00;-3,3;Ветер, дующий с юга;2;Снег и/или другие виды твердых осадков
22.02.2019 2:00;-2;Ветер, дующий с западо-юго-запада;5;
21.02.2019 23:00;-2,2;Ветер, дующий с юго-юго-запада;3;
21.02.2019 20:00;-2,9;Ветер, дующий с западо-юго-запада;3;
21.02.2019 17:00;-2,6;Ветер, дующий с западо-юго-запада;3;Снег и/или другие виды твердых осадков
21.02.2019 14:00;-4;Ветер, дующий с юго-юго-запада;2;Снег и/или другие виды твердых осадков
21.02.2019 11:00;-6,6;Ветер, дующий с юго-юго-запада;2;Снег и/или другие виды твердых осадков
21.02.2019 8:00;-10,7;Ветер, дующий с юго-востока;1;
21.02.2019 5:00;-12,8;Ветер, дующий с юго-востока;2;
21.02.2019 2:00;-14,4;Ветер, дующий с юго-востока;2;
20.02.2019 23:00;-14,5;Ветер, дующий с юго-востока;1;
20.02.2019 20:00;-13,1;Ветер, дующий с юго-востока;1;
20.02.2019 17:00;-8,6;Ветер, дующий с западо-юго-запада;1;
20.02.2019 14:00;-10,9;Ветер, дующий с запада;2;
20.02.2019 11:00;-15,1;Ветер, дующий с западо-северо-запада;1;
20.02.2019 8:00;-16,4;Ветер, дующий с северо-северо-запада;2;
20.02.2019 5:00;-15,2;Ветер, дующий с северо-северо-запада;3;Снег и/или другие виды твердых осадков
20.02.2019 2:00;-14,2;Ветер, дующий с северо-северо-запада;2;Снег и/или другие виды твердых осадков
19.02.2019 23:00;-13,1;Ветер, дующий с севера;1;Снег и/или другие виды твердых осадков
19.02.2019 20:00;-11,6;Ветер, дующий с севера;2;Снег и/или другие виды твердых осадков
19.02.2019 17:00;-9;Ветер, дующий с северо-северо-запада;4;Снег и/или другие виды твердых осадков
19.02.2019 14:00;-6,2;Ветер, дующий с востоко-северо-востока;1;Снег и/или другие виды твердых осадков
19.02.2019 11:00;-5,9;Ветер, дующий с северо-северо-востока;1;Ливень (ливни).
19.02.2019 8:00;-9,1;Ветер, дующий с юго-востока;1;Ливень (ливни).
19.02.2019 5:00;-8,2;Ветер, дующий с юго-востока;2;Ливень (ливни).
19.02.2019 2:00;-7,5;Ветер, дующий с юго-востока;2;Ливень (ливни).
18.02.2019 23:00;-6,1;Ветер, дующий с юго-востока;2;Ливень (ливни).
18.02.2019 20:00;-4,4;Ветер, дующий с юго-востока;3;Ливень (ливни).
18.02.2019 17:00;-1,8;Ветер, дующий с юго-востока;3;Ливень (ливни).
18.02.2019 14:00;-1,2;Ветер, дующий с юго-востока;3;Ливень (ливни).
18.02.2019 11:00;-3,8;Ветер, дующий с юго-востока;3;Ливень (ливни).
18.02.2019 8:00;-5,5;Ветер, дующий с юго-востока;3;Снег и/или другие виды твердых осадков
18.02.2019 5:00;-5;Ветер, дующий с юго-юго-востока;2;Снег и/или другие виды твердых осадков
18.02.2019 2:00;-4,9;Ветер, дующий с юго-юго-востока;2;Снег и/или другие виды твердых осадков
17.02.2019 23:00;-5,5;Ветер, дующий с юго-юго-востока;2;Ливень (ливни).
17.02.2019 20:00;-5,7;Ветер, дующий с западо-юго-запада;2;Ливень (ливни).
17.02.2019 17:00;-5,1;Ветер, дующий с западо-юго-запада;3;Ливень (ливни).
17.02.2019 14:00;-5,5;Ветер, дующий с запада;2;Ливень (ливни).
17.02.2019 11:00;-7,3;Ветер, дующий с юга;1;Ливень (ливни).
17.02.2019 8:00;-7,8;Штиль, безветрие;0;Ливень (ливни).
17.02.2019 5:00;-7,8;Ветер, дующий с западо-северо-запада;2;Снег и/или другие виды твердых осадков
17.02.2019 2:00;-8;Ветер, дующий с запада;2;Ливень (ливни).
16.02.2019 23:00;-6,9;Ветер, дующий с запада;2;Ливень (ливни).
16.02.2019 20:00;-6,3;Ветер, дующий с юго-юго-запада;2;Ливень (ливни).
16.02.2019 17:00;-5,1;Ветер, дующий с юго-юго-запада;3;Ливень (ливни).
16.02.2019 14:00;-5,1;Ветер, дующий с юга;2;Ливень (ливни).
16.02.2019 11:00;-6,8;Ветер, дующий с юго-юго-востока;2;Ливень (ливни).
16.02.2019 8:00;-9;Ветер, дующий с юго-востока;3;Ливень (ливни).
16.02.2019 5:00;-10;Ветер, дующий с юго-востока;3;Ливень (ливни).
16.02.2019 2:00;-8,3;Ветер, дующий с юго-юго-востока;2;Ливень (ливни).
15.02.2019 23:00;-9,4;Ветер, дующий с юго-юго-востока;2;Ливень (ливни).
15.02.2019 20:00;-8;Ветер, дующий с юго-запада;1;Ливень (ливни).
15.02.2019 17:00;-5,8;Ветер, дующий с западо-северо-запада;3;Ливень (ливни).
15.02.2019 14:00;-5,6;Ветер, дующий с западо-северо-запада;3;Ливень (ливни).
15.02.2019 11:00;-7,3;Ветер, дующий с запада;4;Ливень (ливни).
15.02.2019 8:00;-6,6;Ветер, дующий с запада;3;Ливень (ливни).
15.02.2019 5:00;-5,4;Ветер, дующий с западо-юго-запада;3;Снег и/или другие виды твердых осадков
15.02.2019 2:00;-4,2;Ветер, дующий с западо-юго-запада;3;Снег и/или другие виды твердых осадков
14.02.2019 23:00;-3,2;Ветер, дующий с юго-юго-запада;2;
14.02.2019 20:00;-2,9;Ветер, дующий с юга;2;
14.02.2019 17:00;-1,4;Ветер, дующий с юга;2;
14.02.2019 14:00;-1,8;Ветер, дующий с юго-юго-запада;3;
14.02.2019 11:00;-3,6;Ветер, дующий с юга;2;
14.02.2019 8:00;-4,5;Ветер, дующий с юга;3;
14.02.2019 5:00;-5,9;Ветер, дующий с юга;2;
14.02.2019 2:00;-5,5;Ветер, дующий с юго-юго-запада;2;
13.02.2019 23:00;-5;Ветер, дующий с юго-юго-запада;2;
13.02.2019 20:00;-3,4;Ветер, дующий с юга;1;
13.02.2019 17:00;-0,9;Ветер, дующий с юга;2;
13.02.2019 14:00;0,5;Ветер, дующий с юго-юго-запада;1;
13.02.2019 11:00;-3,6;Ветер, дующий с юга;1;
13.02.2019 8:00;-7,7;Ветер, дующий с западо-юго-запада;1;
13.02.2019 5:00;-7,7;Ветер, дующий с запада;2;
13.02.2019 2:00;-8;Ветер, дующий с запада;2;
12.02.2019 23:00;-7,5;Ветер, дующий с западо-юго-запада;2;
12.02.2019 20:00;-6,8;Ветер, дующий с запада;3;
12.02.2019 17:00;-4,3;Ветер, дующий с запада;2;
12.02.2019 14:00;-4,9;Ветер, дующий с западо-северо-запада;4;
12.02.2019 11:00;-8,3;Ветер, дующий с запада;4;
12.02.2019 8:00;-8,6;Ветер, дующий с запада;3;
12.02.2019 5:00;-8,7;Ветер, дующий с запада;3;
12.02.2019 2:00;-10,2;Ветер, дующий с запада;4;
11.02.2019 23:00;-11;Ветер, дующий с запада;3;
11.02.2019 20:00;-10;Ветер, дующий с запада;5;
11.02.2019 17:00;-4,9;Ветер, дующий с запада;4;
11.02.2019 14:00;-4,8;Ветер, дующий с западо-юго-запада;3;
11.02.2019 11:00;-8;Ветер, дующий с западо-юго-запада;3;Ливень (ливни).
11.02.2019 8:00;-8,4;Ветер, дующий с запада;4;
11.02.2019 5:00;-7,6;Ветер, дующий с запада;4;Ливень (ливни).
11.02.2019 2:00;-6,1;Ветер, дующий с запада;4;Ливень (ливни).
10.02.2019 23:00;-5,2;Ветер, дующий с западо-северо-запада;4;Снег и/или другие виды твердых осадков
10.02.2019 20:00;-5;Ветер, дующий с западо-северо-запада;4;Снег и/или другие виды твердых осадков
10.02.2019 17:00;-5,1;Ветер, дующий с запада;3;Ливень (ливни).
10.02.2019 14:00;-5;Ветер, дующий с запада;4;Ливень (ливни).
10.02.2019 11:00;-6,3;Ветер, дующий с запада;4;Ливень (ливни).
10.02.2019 8:00;-7,3;Ветер, дующий с западо-юго-запада;4;Снег и/или другие виды твердых осадков
10.02.2019 5:00;-9,8;Ветер, дующий с юга;1;Снег и/или другие виды твердых осадков
10.02.2019 2:00;-11,8;Ветер, дующий с юго-юго-востока;2;Снег и/или другие виды твердых осадков
09.02.2019 23:00;-13,4;Ветер, дующий с юга;1;
09.02.2019 20:00;-13,2;Ветер, дующий с западо-юго-запада;2;
09.02.2019 17:00;-11;Ветер, дующий с запада;3;
09.02.2019 14:00;-11,8;Ветер, дующий с западо-северо-запада;3;
09.02.2019 11:00;-14,7;Ветер, дующий с западо-северо-запада;3;Снег и/или другие виды твердых осадков
09.02.2019 8:00;-15,9;Ветер, дующий с западо-северо-запада;2;Снег и/или другие виды твердых осадков
09.02.2019 5:00;-17,1;Штиль, безветрие;0;Снег и/или другие виды твердых осадков
09.02.2019 2:00;-17,9;Ветер, дующий с юго-юго-запада;1;Снег и/или другие виды твердых осадков
08.02.2019 23:00;-18,1;Ветер, дующий с юго-востока;2;Снег и/или другие виды твердых осадков
08.02.2019 20:00;-17,7;Ветер, дующий с юго-востока;2;Снег и/или другие виды твердых осадков
08.02.2019 17:00;-15,9;Ветер, дующий с юго-востока;3;Снег и/или другие виды твердых осадков
08.02.2019 14:00;-15,6;Ветер, дующий с юго-востока;4;Снег и/или другие виды твердых осадков
08.02.2019 11:00;-16,3;Ветер, дующий с юго-юго-востока;3;Снег и/или другие виды твердых осадков
08.02.2019 8:00;-16,9;Ветер, дующий с юго-юго-востока;3;Снег и/или другие виды твердых осадков
08.02.2019 5:00;-18,4;Ветер, дующий с юго-востока;4;Снег и/или другие виды твердых осадков
08.02.2019 2:00;-19,5;Ветер, дующий с юго-востока;4;Снег и/или другие виды твердых осадков
07.02.2019 23:00;-20;Ветер, дующий с юго-востока;4;
07.02.2019 20:00;-20,1;Ветер, дующий с юго-востока;5;
07.02.2019 17:00;-18,3;Ветер, дующий с юго-востока;4;
07.02.2019 14:00;-19,3;Ветер, дующий с юго-востока;3;
07.02.2019 11:00;-25,8;Ветер, дующий с юго-востока;3;
07.02.2019 8:00;-28,4;Ветер, дующий с юго-востока;3;
07.02.2019 5:00;-27,8;Ветер, дующий с юго-востока;2;
07.02.2019 2:00;-26,8;Ветер, дующий с востоко-юго-востока;2;
06.02.2019 23:00;-25,5;Ветер, дующий с юго-востока;2;
06.02.2019 20:00;-24,4;Ветер, дующий с юго-востока;3;
06.02.2019 17:00;-20,3;Ветер, дующий с востоко-юго-востока;2;
06.02.2019 14:00;-20,6;Ветер, дующий с юго-востока;3;
06.02.2019 11:00;-24,6;Ветер, дующий с юго-востока;2;Облака покрывали более половины неба в течение всего соответствующего периода.
06.02.2019 8:00;-26,3;Ветер, дующий с юго-востока;2;
06.02.2019 5:00;-25,8;Ветер, дующий с юго-востока;2;
06.02.2019 2:00;-25,7;Ветер, дующий с юго-востока;1;
05.02.2019 23:00;-25,5;Ветер, дующий с востоко-северо-востока;1;
05.02.2019 20:00;-25;Штиль, безветрие;0;
05.02.2019 17:00;-24,1;Ветер, дующий с западо-северо-запада;1;Снег и/или другие виды твердых осадков
05.02.2019 14:00;-24,1;Штиль, безветрие;0;Снег и/или другие виды твердых осадков
05.02.2019 11:00;-30,4;Ветер, дующий с северо-запада;1;Снег и/или другие виды твердых осадков
05.02.2019 8:00;-31,8;Ветер, дующий с севера;1;Облака покрывали половину неба или менее в течение всего соответствующего периода.
05.02.2019 5:00;-31;Ветер, дующий с севера;2;Снег и/или другие виды твердых осадков
05.02.2019 2:00;-28,7;Ветер, дующий с севера;1;
04.02.2019 23:00;-28,7;Ветер, дующий с севера;1;Снег и/или другие виды твердых осадков
04.02.2019 20:00;-24,7;Ветер, дующий с востока;2;Ливень (ливни).
04.02.2019 17:00;-22,9;Ветер, дующий с востоко-северо-востока;1;Ливень (ливни).
04.02.2019 14:00;-23,3;Ветер, дующий с востока;1;Снег и/или другие виды твердых осадков
04.02.2019 11:00;-25,4;Ветер, дующий с востоко-северо-востока;2;Ливень (ливни).
04.02.2019 8:00;-25;Ветер, дующий с востоко-северо-востока;2;Ливень (ливни).
04.02.2019 5:00;-23,8;Ветер, дующий с востока;1;Ливень (ливни).
04.02.2019 2:00;-23,1;Ветер, дующий с востока;2;Ливень (ливни).
03.02.2019 23:00;-22,7;Ветер, дующий с востока;3;Снег и/или другие виды твердых осадков
03.02.2019 20:00;-21,5;Ветер, дующий с востока;2;Снег и/или другие виды твердых осадков
03.02.2019 17:00;-20,6;Ветер, дующий с востока;2;Снег и/или другие виды твердых осадков
03.02.2019 14:00;-20,1;Ветер, дующий с востока;1;Снег и/или другие виды твердых осадков
03.02.2019 11:00;-20,9;Ветер, дующий с востока;2;Снег и/или другие виды твердых осадков
03.02.2019 8:00;-20,2;Ветер, дующий с востока;2;Снег и/или другие виды твердых осадков
03.02.2019 5:00;-19,3;Ветер, дующий с востока;2;Снег и/или другие виды твердых осадков
03.02.2019 2:00;-18,5;Ветер, дующий с востока;1;Снег и/или другие виды твердых осадков
02.02.2019 23:00;-17,5;Ветер, дующий с востока;2;Снег и/или другие виды твердых осадков
02.02.2019 20:00;-16,4;Ветер, дующий с востока;2;Снег и/или другие виды твердых осадков
02.02.2019 17:00;-14,9;Ветер, дующий с востока;1;Снег и/или другие виды твердых осадков
02.02.2019 14:00;-14,3;Ветер, дующий с востока;1;Снег и/или другие виды твердых осадков
02.02.2019 11:00;-14,3;Ветер, дующий с востоко-северо-востока;1;Снег и/или другие виды твердых осадков
02.02.2019 8:00;-12;Ветер, дующий с востока;1;Снег и/или другие виды твердых осадков
02.02.2019 5:00;-8,8;Ветер, дующий с запада;2;Ливень (ливни).
02.02.2019 2:00;-8,5;Ветер, дующий с запада;3;Ливень (ливни).
01.02.2019 23:00;-8,1;Ветер, дующий с запада;3;
01.02.2019 20:00;-7,7;Ветер, дующий с западо-юго-запада;2;
01.02.2019 17:00;-6,5;Ветер, дующий с юго-юго-запада;1;Снег и/или другие виды твердых осадков
01.02.2019 14:00;-8;Ветер, дующий с юго-востока;2;Снег и/или другие виды твердых осадков
01.02.2019 11:00;-11;Ветер, дующий с юго-востока;2;Снег и/или другие виды твердых осадков
01.02.2019 8:00;-12,9;Ветер, дующий с юго-востока;2;Снег и/или другие виды твердых осадков
01.02.2019 5:00;-14,4;Ветер, дующий с юго-востока;2;Снег и/или другие виды твердых осадков
01.02.2019 2:00;-15,8;Ветер, дующий с юго-востока;3;Снег и/или другие виды твердых осадков
31.01.2019 23:00;-15,8;Ветер, дующий с юго-востока;3;Ливень (ливни).
31.01.2019 20:00;-16;Ветер, дующий с юго-востока;3;Ливень (ливни).
31.01.2019 17:00;-15,6;Ветер, дующий с юго-востока;4;Снег и/или другие виды твердых осадков
31.01.2019 14:00;-16,1;Ветер, дующий с востоко-юго-востока;3;Снег и/или другие виды твердых осадков
31.01.2019 11:00;-17,9;Ветер, дующий с востоко-юго-востока;2;Снег и/или другие виды твердых осадков
31.01.2019 8:00;-18,6;Штиль, безветрие;0;
31.01.2019 5:00;-17,9;Ветер, дующий с востока;1;
31.01.2019 2:00;-16,8;Ветер, дующий с востоко-северо-востока;1;
30.01.2019 23:00;-16,1;Ветер, дующий с востока;1;Снег и/или другие виды твердых осадков
30.01.2019 20:00;-15,6;Ветер, дующий с востоко-северо-востока;1;
30.01.2019 17:00;-13,4;Ветер, дующий с северо-северо-запада;1;Снег и/или другие виды твердых осадков
30.01.2019 14:00;-12,2;Ветер, дующий с запада;1;Снег и/или другие виды твердых осадков
30.01.2019 11:00;-12,8;Ветер, дующий с востока;1;Снег и/или другие виды твердых осадков
30.01.2019 8:00;-14,1;Штиль, безветрие;0;Снег и/или другие виды твердых осадков
30.01.2019 5:00;-15,3;Штиль, безветрие;0;Снег и/или другие виды твердых осадков
30.01.2019 2:00;-16,5;Ветер, дующий с юго-востока;2;Снег и/или другие виды твердых осадков
29.01.2019 23:00;-17,9;Ветер, дующий с востока;1;Снег и/или другие виды твердых осадков
29.01.2019 20:00;-16,5;Ветер, дующий с востоко-юго-востока;2;Снег и/или другие виды твердых осадков
29.01.2019 17:00;-15,3;Ветер, дующий с востоко-юго-востока;2;Снег и/или другие виды твердых осадков
29.01.2019 14:00;-16,6;Ветер, дующий с юго-востока;2;
29.01.2019 11:00;-20,3;Ветер, дующий с юго-востока;2;
29.01.2019 8:00;-21,2;Ветер, дующий с юго-востока;2;
29.01.2019 5:00;-20,5;Ветер, дующий с юго-востока;2;
29.01.2019 2:00;-18,8;Ветер, дующий с юго-востока;2;
28.01.2019 23:00;-16,6;Ветер, дующий с юго-востока;2;
28.01.2019 20:00;-15,2;Ветер, дующий с юго-востока;3;
28.01.2019 17:00;-12,3;Ветер, дующий с юго-востока;3;
28.01.2019 14:00;-13,2;Ветер, дующий с юго-востока;3;
28.01.2019 11:00;-18,5;Ветер, дующий с юго-юго-востока;2;
28.01.2019 8:00;-19,8;Ветер, дующий с юго-востока;3;
28.01.2019 5:00;-19,6;Ветер, дующий с юго-востока;3;
28.01.2019 2:00;-19,3;Ветер, дующий с юго-востока;4;
27.01.2019 23:00;-19,1;Ветер, дующий с юго-востока;3;
27.01.2019 20:00;-18,5;Ветер, дующий с юго-востока;3;
27.01.2019 17:00;-17,1;Ветер, дующий с юго-востока;2;
27.01.2019 14:00;-15,8;Ветер, дующий с юго-юго-запада;1;
27.01.2019 11:00;-20,8;Ветер, дующий с западо-юго-запада;2;
27.01.2019 8:00;-22,4;Ветер, дующий с западо-северо-запада;2;
27.01.2019 5:00;-22,4;Ветер, дующий с западо-северо-запада;3;Метель
27.01.2019 2:00;-21,7;Ветер, дующий с западо-северо-запада;4;Метель
26.01.2019 23:00;-20,8;Ветер, дующий с западо-северо-запада;4;Метель
26.01.2019 20:00;-19,9;Ветер, дующий с западо-северо-запада;5;Метель
26.01.2019 17:00;-18,5;Ветер, дующий с западо-северо-запада;6;Метель
26.01.2019 14:00;-17,2;Ветер, дующий с запада;6;Метель
26.01.2019 11:00;-19,4;Ветер, дующий с запада;6;Ливень (ливни).
26.01.2019 8:00;-19,5;Ветер, дующий с западо-северо-запада;6;Ливень (ливни).
26.01.2019 5:00;-18,4;Ветер, дующий с запада;4;Ливень (ливни).
26.01.2019 2:00;-16,7;Ветер, дующий с запада;5;Ливень (ливни).
25.01.2019 23:00;-14,7;Ветер, дующий с запада;3;Ливень (ливни).
25.01.2019 20:00;-14,6;Ветер, дующий с юга;3;Ливень (ливни).
25.01.2019 17:00;-12,9;Ветер, дующий с юго-юго-востока;4;Снег и/или другие виды твердых осадков
25.01.2019 14:00;-13,6;Ветер, дующий с юго-юго-востока;5;Снег и/или другие виды твердых осадков
25.01.2019 11:00;-14,6;Ветер, дующий с юго-востока;6;Снег и/или другие виды твердых осадков
25.01.2019 8:00;-17,1;Ветер, дующий с юго-востока;4;
25.01.2019 5:00;-19,1;Ветер, дующий с юго-востока;2;
25.01.2019 2:00;-20,3;Ветер, дующий с юго-юго-востока;2;
24.01.2019 23:00;-20,1;Ветер, дующий с юго-юго-запада;1;
24.01.2019 20:00;-19,4;Ветер, дующий с запада;3;
24.01.2019 17:00;-17,7;Ветер, дующий с запада;3;
24.01.2019 14:00;-17,2;Ветер, дующий с запада;4;Снег и/или другие виды твердых осадков
24.01.2019 11:00;-20,5;Ветер, дующий с запада;5;Снег и/или другие виды твердых осадков
24.01.2019 8:00;-21,4;Ветер, дующий с западо-северо-запада;4;
24.01.2019 5:00;-20,4;Ветер, дующий с запада;5;
24.01.2019 2:00;-19,7;Ветер, дующий с западо-северо-запада;4;
23.01.2019 23:00;-18,3;Ветер, дующий с запада;3;
23.01.2019 20:00;-17;Ветер, дующий с запада;4;
23.01.2019 17:00;-15,4;Ветер, дующий с запада;4;
23.01.2019 14:00;-13,9;Ветер, дующий с запада;5;
23.01.2019 11:00;-14,9;Ветер, дующий с западо-юго-запада;2;
23.01.2019 8:00;-16;Ветер, дующий с юга;1;
23.01.2019 5:00;-15,1;Ветер, дующий с юго-запада;1;
23.01.2019 2:00;-13,9;Ветер, дующий с юго-юго-востока;1;
22.01.2019 23:00;-12,5;Ветер, дующий с западо-юго-запада;2;
22.01.2019 20:00;-11,1;Ветер, дующий с западо-юго-запада;2;
22.01.2019 17:00;-9,5;Ветер, дующий с западо-юго-запада;3;Ливень (ливни).
22.01.2019 14:00;-6,3;Ветер, дующий с юго-запада;3;Ливень (ливни).
22.01.2019 11:00;-8,9;Ветер, дующий с юга;2;Снег и/или другие виды твердых осадков
22.01.2019 8:00;-8,6;Ветер, дующий с юго-юго-востока;3;Снег и/или другие виды твердых осадков
22.01.2019 5:00;-8,8;Ветер, дующий с юго-юго-запада;4;Ливень (ливни).
22.01.2019 2:00;-9,7;Ветер, дующий с юга;3;Ливень (ливни).
21.01.2019 23:00;-9,5;Ветер, дующий с юго-запада;3;Ливень (ливни).
21.01.2019 20:00;-9;Ветер, дующий с юго-юго-запада;4;
21.01.2019 17:00;-8,4;Ветер, дующий с юго-юго-запада;3;Ливень (ливни).
21.01.2019 14:00;-8,1;Ветер, дующий с юго-запада;2;Ливень (ливни).
21.01.2019 11:00;-11,3;Ветер, дующий с запада;3;Ливень (ливни).
21.01.2019 8:00;-12,4;Ветер, дующий с запада;4;Ливень (ливни).
21.01.2019 5:00;-10,8;Ветер, дующий с запада;3;Снег и/или другие виды твердых осадков
21.01.2019 2:00;-9,2;Ветер, дующий с западо-северо-запада;6;Снег и/или другие виды твердых осадков
20.01.2019 23:00;-6,6;Ветер, дующий с запада;5;Снег и/или другие виды твердых осадков
20.01.2019 20:00;-6;Ветер, дующий с западо-северо-запада;4;Снег и/или другие виды твердых осадков
20.01.2019 17:00;-3,7;Ветер, дующий с западо-северо-запада;3;Снег и/или другие виды твердых осадков
20.01.2019 14:00;-2,6;Ветер, дующий с западо-юго-запада;3;Снег и/или другие виды твердых осадков
20.01.2019 11:00;-3,3;Ветер, дующий с юга;1;Ливень (ливни).
20.01.2019 8:00;-3,8;Ветер, дующий с юга;1;Ливень (ливни).
20.01.2019 5:00;-3,3;Ветер, дующий с юга;2;Ливень (ливни).
20.01.2019 2:00;-3,2;Ветер, дующий с западо-юго-запада;2;Ливень (ливни).
19.01.2019 23:00;-2,3;Ветер, дующий с западо-юго-запада;3;
19.01.2019 20:00;-1,9;Ветер, дующий с юго-юго-запада;3;
19.01.2019 17:00;-2,9;Ветер, дующий с юго-юго-востока;3;
19.01.2019 14:00;-4;Ветер, дующий с юга;3;
19.01.2019 11:00;-7,6;Ветер, дующий с юго-юго-востока;2;
19.01.2019 8:00;-7,7;Ветер, дующий с юго-юго-запада;2;
19.01.2019 5:00;-6,1;Ветер, дующий с запада;3;
19.01.2019 2:00;-5,7;Ветер, дующий с запада;4;
18.01.2019 23:00;-6,3;Ветер, дующий с западо-юго-запада;4;Снег и/или другие виды твердых осадков
18.01.2019 20:00;-5,2;Ветер, дующий с западо-юго-запада;5;Снег и/или другие виды твердых осадков
18.01.2019 17:00;-5,2;Ветер, дующий с юго-юго-запада;3;
18.01.2019 14:00;-5,6;Ветер, дующий с юга;3;
18.01.2019 11:00;-8;Ветер, дующий с юго-юго-запада;3;
18.01.2019 8:00;-8,4;Ветер, дующий с западо-юго-запада;3;
18.01.2019 5:00;-7,1;Ветер, дующий с запада;4;Ливень (ливни).
18.01.2019 2:00;-5,7;Ветер, дующий с запада;3;Ливень (ливни).
17.01.2019 23:00;-5,7;Ветер, дующий с запада;3;Ливень (ливни).
17.01.2019 20:00;-7,2;Ветер, дующий с юго-юго-запада;3;Снег и/или другие виды твердых осадков
17.01.2019 17:00;-8;Ветер, дующий с юго-юго-востока;4;Снег и/или другие виды твердых осадков
17.01.2019 14:00;-7,9;Ветер, дующий с юго-востока;3;Снег и/или другие виды твердых осадков
17.01.2019 11:00;-7,8;Ветер, дующий с юго-юго-востока;3;
17.01.2019 8:00;-7;Ветер, дующий с юго-востока;5;
17.01.2019 5:00;-6,3;Ветер, дующий с юго-юго-востока;4;
17.01.2019 2:00;-4;Ветер, дующий с юго-юго-востока;4;
16.01.2019 23:00;-5,3;Ветер, дующий с юго-востока;3;
16.01.2019 20:00;-3,8;Ветер, дующий с юго-юго-востока;3;
16.01.2019 17:00;-3,2;Ветер, дующий с юга;1;
16.01.2019 14:00;-3,1;Ветер, дующий с западо-юго-запада;5;
16.01.2019 11:00;-4,6;Ветер, дующий с юго-юго-запада;2;Снег и/или другие виды твердых осадков
16.01.2019 8:00;-5,5;Ветер, дующий с юго-юго-запада;3;Снег и/или другие виды твердых осадков
16.01.2019 5:00;-7,5;Ветер, дующий с юго-востока;2;Снег и/или другие виды твердых осадков
16.01.2019 2:00;-8,4;Ветер, дующий с юга;2;
15.01.2019 23:00;-9,8;Ветер, дующий с юга;1;
15.01.2019 20:00;-9,3;Ветер, дующий с юго-юго-запада;2;
15.01.2019 17:00;-9;Ветер, дующий с юго-юго-запада;2;
15.01.2019 14:00;-8,8;Ветер, дующий с юго-юго-запада;2;
15.01.2019 11:00;-11,6;Ветер, дующий с юго-запада;1;
15.01.2019 8:00;-12,7;Ветер, дующий с западо-юго-запада;2;
15.01.2019 5:00;-11,2;Ветер, дующий с юго-запада;1;
15.01.2019 2:00;-10,4;Ветер, дующий с запада;2;
14.01.2019 23:00;-11,1;Ветер, дующий с запада;2;
14.01.2019 20:00;-10,6;Ветер, дующий с запада;2;
14.01.2019 17:00;-9,1;Ветер, дующий с западо-северо-запада;2;Ливень (ливни).
14.01.2019 14:00;-7,1;Ветер, дующий с запада;2;Облака покрывали более половины неба в течение всего соответствующего периода.
14.01.2019 11:00;-8,2;Ветер, дующий с западо-юго-запада;2;
14.01.2019 8:00;-7,7;Ветер, дующий с западо-юго-запада;1;
14.01.2019 5:00;-6,3;Ветер, дующий с западо-юго-запада;4;
14.01.2019 2:00;-4,6;Ветер, дующий с юго-юго-запада;4;
13.01.2019 23:00;-3,8;Ветер, дующий с юго-запада;2;Ливень (ливни).
13.01.2019 20:00;-3,7;Ветер, дующий с юго-юго-востока;4;Ливень (ливни).
13.01.2019 17:00;-3;Ветер, дующий с юго-юго-востока;3;Ливень (ливни).
13.01.2019 14:00;-1,7;Ветер, дующий с юго-юго-востока;3;Ливень (ливни).
13.01.2019 11:00;-2,8;Ветер, дующий с юго-юго-востока;4;Снег и/или другие виды твердых осадков
13.01.2019 8:00;-4,7;Ветер, дующий с юго-востока;3;Снег и/или другие виды твердых осадков
13.01.2019 5:00;-7,1;Ветер, дующий с юго-юго-востока;3;Снег и/или другие виды твердых осадков
13.01.2019 2:00;-8,4;Ветер, дующий с юго-востока;3;Снег и/или другие виды твердых осадков
12.01.2019 23:00;-7,8;Ветер, дующий с юго-востока;3;Снег и/или другие виды твердых осадков
12.01.2019 20:00;-8,6;Ветер, дующий с юго-юго-востока;4;Снег и/или другие виды твердых осадков
12.01.2019 17:00;-9,3;Ветер, дующий с юго-юго-востока;4;Снег и/или другие виды твердых осадков
12.01.2019 14:00;-10,6;Ветер, дующий с юго-востока;3;
12.01.2019 11:00;-14,4;Ветер, дующий с юго-востока;2;
12.01.2019 8:00;-16,2;Ветер, дующий с юго-востока;2;
12.01.2019 5:00;-15,2;Ветер, дующий с юга;1;
12.01.2019 2:00;-15,2;Ветер, дующий с юга;2;
11.01.2019 23:00;-13,8;Ветер, дующий с юго-запада;3;
11.01.2019 20:00;-12,9;Ветер, дующий с западо-юго-запада;2;
11.01.2019 17:00;-10,8;Ветер, дующий с западо-юго-запада;2;Ливень (ливни).
11.01.2019 14:00;-10,6;Ветер, дующий с запада;3;Ливень (ливни).
11.01.2019 11:00;-11,8;Ветер, дующий с запада;5;Ливень (ливни).
11.01.2019 8:00;-11,6;Ветер, дующий с западо-северо-запада;4;Ливень (ливни).
11.01.2019 5:00;-11,7;Ветер, дующий с запада;4;Ливень (ливни).
11.01.2019 2:00;-12,9;Ветер, дующий с запада;4;
10.01.2019 23:00;-11,5;Ветер, дующий с западо-юго-запада;3;Ливень (ливни).
10.01.2019 20:00;-12,2;Ветер, дующий с запада;2;Ливень (ливни).
10.01.2019 17:00;-11,3;Ветер, дующий с запада;2;Ливень (ливни).
10.01.2019 14:00;-11,3;Ветер, дующий с запада;2;Ливень (ливни).
10.01.2019 11:00;-12,4;Ветер, дующий с запада;3;Ливень (ливни).
10.01.2019 8:00;-12,6;Ветер, дующий с запада;3;Ливень (ливни).
10.01.2019 5:00;-12,6;Ветер, дующий с запада;2;Ливень (ливни).
10.01.2019 2:00;-12,3;Ветер, дующий с запада;3;Ливень (ливни).
09.01.2019 23:00;-12,1;Ветер, дующий с запада;3;Ливень (ливни).
09.01.2019 20:00;-11,7;Ветер, дующий с запада;5;Ливень (ливни).
09.01.2019 17:00;-12,1;Ветер, дующий с запада;4;Ливень (ливни).
09.01.2019 14:00;-12,7;Ветер, дующий с запада;4;Снег и/или другие виды твердых осадков
09.01.2019 11:00;-14,1;Ветер, дующий с запада;3;Снег и/или другие виды твердых осадков
09.01.2019 8:00;-15,1;Ветер, дующий с западо-северо-запада;4;Снег и/или другие виды твердых осадков
09.01.2019 5:00;-16;Ветер, дующий с запада;4;Снег и/или другие виды твердых осадков
09.01.2019 2:00;-16,8;Ветер, дующий с запада;5;Снег и/или другие виды твердых осадков
08.01.2019 23:00;-16,1;Ветер, дующий с запада;5;Снег и/или другие виды твердых осадков
08.01.2019 20:00;-15,7;Ветер, дующий с запада;4;
08.01.2019 17:00;-14,8;Ветер, дующий с западо-юго-запада;4;Метель
08.01.2019 14:00;-13,8;Ветер, дующий с запада;5;Метель
08.01.2019 11:00;-16,1;Ветер, дующий с запада;5;Метель
08.01.2019 8:00;-16,6;Ветер, дующий с запада;6;Метель
08.01.2019 5:00;-16,4;Ветер, дующий с запада;4;
08.01.2019 2:00;-15,9;Ветер, дующий с запада;4;
07.01.2019 23:00;-15,4;Ветер, дующий с запада;4;
07.01.2019 20:00;-14,2;Ветер, дующий с запада;4;
07.01.2019 17:00;-12,1;Ветер, дующий с запада;5;
07.01.2019 14:00;-10,5;Ветер, дующий с запада;4;
07.01.2019 11:00;-11,7;Ветер, дующий с запада;5;Ливень (ливни).
07.01.2019 8:00;-11,1;Ветер, дующий с запада;3;Ливень (ливни).
07.01.2019 5:00;-9,4;Ветер, дующий с запада;3;Ливень (ливни).
07.01.2019 2:00;-9,5;Ветер, дующий с западо-юго-запада;3;
06.01.2019 23:00;-10,1;Ветер, дующий с юго-запада;3;Ливень (ливни).
06.01.2019 20:00;-9,8;Ветер, дующий с юго-востока;2;Ливень (ливни).
06.01.2019 17:00;-7,4;Ветер, дующий с юго-юго-запада;3;Ливень (ливни).
06.01.2019 14:00;-7,6;Ветер, дующий с юга;3;Ливень (ливни).
06.01.2019 11:00;-10,1;Ветер, дующий с юго-востока;2;
06.01.2019 8:00;-11,2;Ветер, дующий с юго-юго-востока;2;
06.01.2019 5:00;-9,7;Ветер, дующий с юго-юго-востока;4;
06.01.2019 2:00;-10;Ветер, дующий с юго-востока;4;
05.01.2019 23:00;-9,7;Ветер, дующий с юго-востока;3;Ливень (ливни).
05.01.2019 20:00;-7,8;Ветер, дующий с юго-востока;3;
05.01.2019 17:00;-6;Ветер, дующий с юго-востока;3;Ливень (ливни).
05.01.2019 14:00;-5,6;Ветер, дующий с юго-юго-запада;3;Ливень (ливни).
05.01.2019 11:00;-7,3;Ветер, дующий с юго-юго-запада;2;Ливень (ливни).
05.01.2019 8:00;-8,3;Ветер, дующий с юго-юго-запада;2;Ливень (ливни).
05.01.2019 5:00;-8,9;Ветер, дующий с юго-запада;2;Снег и/или другие виды твердых осадков
05.01.2019 2:00;-8,9;Ветер, дующий с юго-юго-запада;2;Снег и/или другие виды твердых осадков
04.01.2019 23:00;-8,6;Ветер, дующий с западо-юго-запада;3;
04.01.2019 20:00;-8;Ветер, дующий с западо-юго-запада;2;
04.01.2019 17:00;-6,7;Ветер, дующий с запада;3;
04.01.2019 14:00;-5,2;Ветер, дующий с западо-юго-запада;3;
04.01.2019 11:00;-5,6;Ветер, дующий с юго-запада;2;
04.01.2019 8:00;-5;Ветер, дующий с западо-юго-запада;3;
04.01.2019 5:00;-5;Ветер, дующий с западо-юго-запада;2;
04.01.2019 2:00;-4,7;Ветер, дующий с западо-юго-запада;2;
03.01.2019 23:00;-4,6;Ветер, дующий с юго-запада;3;
03.01.2019 20:00;-4,6;Ветер, дующий с юго-юго-запада;3;
03.01.2019 17:00;-4,1;Ветер, дующий с запада;3;
03.01.2019 14:00;-4,7;Ветер, дующий с юго-юго-запада;2;
03.01.2019 11:00;-6,7;Ветер, дующий с юго-юго-запада;1;
03.01.2019 8:00;-6,2;Ветер, дующий с юга;1;
03.01.2019 5:00;-5,3;Ветер, дующий с юго-юго-запада;2;
03.01.2019 2:00;-6,1;Ветер, дующий с юго-запада;2;
02.01.2019 23:00;-8,3;Ветер, дующий с юго-востока;1;
02.01.2019 20:00;-7,5;Ветер, дующий с юго-юго-запада;1;
02.01.2019 17:00;-7,5;Ветер, дующий с юго-юго-запада;2;
02.01.2019 14:00;-7,7;Ветер, дующий с западо-юго-запада;3;
02.01.2019 11:00;-10,4;Ветер, дующий с юга;1;Ливень (ливни).
02.01.2019 8:00;-11,2;Ветер, дующий с юго-запада;1;Ливень (ливни).
02.01.2019 5:00;-11,4;Ветер, дующий с юго-юго-запада;1;Ливень (ливни).
02.01.2019 2:00;-12;Ветер, дующий с западо-юго-запада;2;Ливень (ливни).
01.01.2019 23:00;-11,3;Ветер, дующий с западо-юго-запада;3;Ливень (ливни).
01.01.2019 20:00;-11,4;Ветер, дующий с запада;3;Ливень (ливни).
01.01.2019 17:00;-10,9;Ветер, дующий с запада;3;Ливень (ливни).
01.01.2019 14:00;-10,6;Ветер, дующий с западо-юго-запада;3;Ливень (ливни).
01.01.2019 11:00;-11,9;Ветер, дующий с запада;3;Ливень (ливни).
01.01.2019 8:00;-12,8;Ветер, дующий с запада;3;Облака покрывали более половины неба в течение всего соответствующего периода.
01.01.2019 5:00;-12,8;Ветер, дующий с запада;3;Облака покрывали более половины неба в течение всего соответствующего периода.
01.01.2019 2:00;-11,8;Ветер, дующий с запада;4;Метель
